stock_item_name,stock_group,stock_category,base_unit,alternate_unit,conversion_factor,gst_rate,hsn_code,item_code,barcode,brand,base_product_name,color,size,pack_size,opening_qty,opening_rate,opening_amount,source_hash,needs_review,notes
"Card, Book, Gift And Other Items",,,PCS,,,,,,,,"Card, Book, Gift And Other Items",,,,6212,25.01,-155382.14,a072dacd040c2e36,,
AIRTEL,,,,,,,,,,,AIRTEL,,,,,,-6378.36,e69e46cdfb2195e2,TRUE,
Bill Book,,,,,,,,,,,Bill Book,,,,,,-800.00,a0462d81d5b17a2b,TRUE,
Card,,,PCS,,,,,,,,Card,,,,1,460.00,-460.00,1138000ef7165085,,
CATRIDGE,,,PCS,,,,,,,,CATRIDGE,,,,2,635.59,-1271.18,c3974c05225637a2,,
Envelope,,,,,,,,,,,Envelope,,,,,,-2000.00,d555188636010e43,TRUE,
Flex,,,PCS,,,,,,,,Flex,,,,50,550.00,-27500.00,f6d75dd3730e54aa,,
Letterpad,,,,,,,,,,,Letterpad,,,,,,-1800.00,3094fc98abf38b7c,TRUE,
Mug Printing,,,,,,,,,,,Mug Printing,,,,,,-700.00,72d2301569f683ba,TRUE,
Pad (Book),,,PCS,,,,,,,,Pad (Book),,,,1977,17.00,-33609.00,e7cf93ba638dbe7c,,
Pen,,,PCS,,,,,,,,Pen,,,,995,6.00,-5970.00,da86d8732fd691c8,,
P.S.,,,PCS,,,,,,,,P.S.,,,,4,323.81,-1295.24,cf9f67caf7e01607,,
Saree,,,PCS,,,,,,,,Saree,,,,8,442.86,-3542.88,a3f67caf2ca8e176,,
Shade Card,,,PCS,,,,,,,,Shade Card,,,,2975,20.00,-59500.00,3236b6e62eaeb55b,,
Sticker,,,PCS,,,,,,,,Sticker,,,,100,6.00,-600.00,304c5c50ac6840fc,,
TONNER POWDER SAMSUNG,,,PCS,,,,,,,,TONNER POWDER SAMSUNG,,,,2,254.24,-508.48,91df3aaa1b22b628,,
Transperent Sticker,,,,,,,,,,,Transperent Sticker,,,,,,-70.00,7d1ce016ef7e2e5d,TRUE,
T- Shirt,,,PCS,,,,,,,,T- Shirt,,,,97,15.00,-1455.00,ec5b89406450675d,,
UPS ZEBRONIC (FRONTECH),,,PCS,,,,,,,,UPS ZEBRONIC (FRONTECH),,,,1,1822.00,-1822.00,a4b3ea63149b241e,,
Visiting Card,,,,,,,,,,,Visiting Card,,,,,,-6100.00,af3cb16fc9f09978,TRUE,
EMULSION INOX SPECIAL SHADE 10 LTR / 20 LTR,,,,,,,,,,,EMULSION INOX SPECIAL SHADE 10 LTR / 20 LTR,,,,,,-21760.00,265029ddd3e9118e,TRUE,
INOX Special Shade 10 Ltr.(SIGNAL RED),,,,,,,,,,,INOX Special Shade 10 Ltr.(SIGNAL RED),,,,,,-4480.00,2acf26957768bb46,TRUE,
INOX Special Shade 20kg (SIGNAL RED),,,PCS,,,,,,,,INOX Special Shade 20kg (SIGNAL RED),,,,2,2160.00,-4320.00,97a7b98a5eabf8c7,,
INOX Special Shade 20kg (YELLOW),,,PCS,,,,,,,,INOX Special Shade 20kg (YELLOW),,,,6,2160.00,-12960.00,8adb1a8d8d383f6b,,
EMULSION SPECAIL SHADES (INOX),,,PCS,,,,,,,,EMULSION SPECAIL SHADES (INOX),,,,6306,119.15,-751347.42,1cb684396b4573a8,,
INOX Special Shade 10Ltr.(LIME CREZY),,,PCS,,,,,,,,INOX Special Shade 10Ltr.(LIME CREZY),,,,1,1120.00,-1120.00,906820696a49cd99,,
INOX Special Shade 10Ltr. (MEERY PINK),,,PCS,,,,,,,,INOX Special Shade 10Ltr. (MEERY PINK),,,,5,1120.00,-5600.00,3efc98c4c4611ecc,,
INOX Special Shade 10Ltr. (NUT BROWN),,,PCS,,,,,,,,INOX Special Shade 10Ltr. (NUT BROWN),,,,1,1120.00,-1120.00,a98166ff39cb760e,,
Inox Special Shade 10 Ltr. ( PARROT GREEN),,,PCS,,,,,,,,Inox Special Shade 10 Ltr. ( PARROT GREEN),,,,2,1120.00,-2240.00,ae2228337dbd35ad,,
INOX Special Shade 10 Ltr. (TERRACOTTA),,,PCS,,,,,,,,INOX Special Shade 10 Ltr. (TERRACOTTA),,,,2,1120.00,-2240.00,89193c93d7b72a55,,
INOX Special Shade 10Ltr. (YELLOW),,,PCS,,,,,,,,INOX Special Shade 10Ltr. (YELLOW),,,,7,2720.00,-19040.00,13a7f17aff71800e,,
INOX Special Shade 1Ltr. (BLACK),,,PCS,,,,,,,,INOX Special Shade 1Ltr. (BLACK),,,,21,120.00,-2520.00,d7366d8803ca57ea,,
INOX Special Shade 1Ltr. (JOLLY HOLLY),,,PCS,,,,,,,,INOX Special Shade 1Ltr. (JOLLY HOLLY),,,,102,125.00,-12750.00,b8955d4205813d67,,
INOX Special Shade 1Ltr. (LM. SOUFFLE),,,PCS,,,,,,,,INOX Special Shade 1Ltr. (LM. SOUFFLE),,,,78,125.00,-9750.00,8db792a9a0eb3c28,,
INOX Special Shade 1Ltr. (MEGENTA),,,PCS,,,,,,,,INOX Special Shade 1Ltr. (MEGENTA),,,,4,125.00,-500.00,2f5747b5fa16fd4d,,
INOX Special Shade 1Ltr. (ORANGE),,,PCS,,,,,,,,INOX Special Shade 1Ltr. (ORANGE),,,,30,125.00,-3750.00,8405392d21063f41,,
Inox Special Shade 1 Ltr. (ORANGE VISION),,,PCS,,,,,,,,Inox Special Shade 1 Ltr. (ORANGE VISION),,,,160,125.00,-20000.00,c423bb1d4d068b52,,
INOX Special Shade 1 Ltr.(OXFORD BLUE),,,PCS,,,,,,,,INOX Special Shade 1 Ltr.(OXFORD BLUE),,,,95,125.00,-11875.00,f20163a8d51f0ee5,,
Inox Special Shade 1Ltr. (PARROT GREEN),,,PCS,,,,,,,,Inox Special Shade 1Ltr. (PARROT GREEN),,,,37,120.00,-4440.00,4af25e6dd4e3715d,,
INOX Special Shade 1Ltr. (PINK),,,PCS,,,,,,,,INOX Special Shade 1Ltr. (PINK),,,,2,125.00,-250.00,a71c56de48653694,,
INOX Special Shade 1Ltr. (PURPLE),,,PCS,,,,,,,,INOX Special Shade 1Ltr. (PURPLE),,,,164,225.61,-37000.00,6bcb8f9d92016831,,
INOX Special Shade 1Ltr. (SIGNAL RED),,,PCS,,,,,,,,INOX Special Shade 1Ltr. (SIGNAL RED),,,,404,39.01,-15761.36,a6a28ad9a80b47a5,,
INOX Special Shade 1Ltr. (SKY BLUE),,,PCS,,,,,,,,INOX Special Shade 1Ltr. (SKY BLUE),,,,12,125.00,-1500.00,587e0187bb65c97f,,
INOX Special Shade 1 LTR. (SOOTHING SAPPHIRE),,,PCS,,,,,,,,INOX Special Shade 1 LTR. (SOOTHING SAPPHIRE),,,,91,125.00,-11375.00,5c19eea949e7bc38,,
Inox Special Shade 1 Ltr. (SPORTY YELLOW),,,PCS,,,,,,,,Inox Special Shade 1 Ltr. (SPORTY YELLOW),,,,158,125.00,-19750.00,a856eb9570941a96,,
INOX Special Shade 1Ltr. (SUNRISE),,,PCS,,,,,,,,INOX Special Shade 1Ltr. (SUNRISE),,,,405,125.00,-50625.00,bc802fff2dcaf86b,,
INOX Special Shade 1Ltr. (TERRACOTTA),,,PCS,,,,,,,,INOX Special Shade 1Ltr. (TERRACOTTA),,,,79,479.43,-37875.00,e579ce608046f413,,
Inox Special Shade 1 Ltr. ( TWILIGHT ZONE),,,PCS,,,,,,,,Inox Special Shade 1 Ltr. ( TWILIGHT ZONE),,,,141,125.00,-17625.00,93f833b04c32cbab,,
INOX Special Shade 1Ltr. (YELLOW),,,PCS,,,,,,,,INOX Special Shade 1Ltr. (YELLOW),,,,11,125.00,-1375.00,3763fc638f6b41cb,,
INOX Special Shade 4Ltr. (JOLLY HOLLY),,,PCS,,,,,,,,INOX Special Shade 4Ltr. (JOLLY HOLLY),,,,32,465.00,-14880.00,a33c6d86f758a4ec,,
INOX Special Shade 4Ltr. (NUT BROWN),,,PCS,,,,,,,,INOX Special Shade 4Ltr. (NUT BROWN),,,,8,465.00,-3720.00,c35f23e1765e51a6,,
INOX Special Shade 4Ltr. (ORANGE),,,PCS,,,,,,,,INOX Special Shade 4Ltr. (ORANGE),,,,4,465.00,-1860.00,2d320ce030347838,,
Inox Special Shade 4 Ltr. ( PARROT GREEN),,,PCS,,,,,,,,Inox Special Shade 4 Ltr. ( PARROT GREEN),,,,8,465.00,-3720.00,da01a06243a87976,,
INOX Special Shade 4Ltr. (PINK),,,PCS,,,,,,,,INOX Special Shade 4Ltr. (PINK),,,,1,465.00,-465.00,9e06a7a93192a70b,,
INOX Special Shade 4 Ltr. (SIGNAL RED),,,PCS,,,,,,,,INOX Special Shade 4 Ltr. (SIGNAL RED),,,,92,566.09,-52080.00,60b451476c0ac6a1,,
INOX Special Shade 4Ltr. (SUNRISE),,,PCS,,,,,,,,INOX Special Shade 4Ltr. (SUNRISE),,,,34,465.00,-15810.00,d33acb44b4179fdb,,
INOX Special Shade 4 Ltr. (TERRACOTTA),,,PCS,,,,,,,,INOX Special Shade 4 Ltr. (TERRACOTTA),,,,35,465.00,-16275.00,b9d1b081334709e2,,
INOX Special Shade 4Ltr. (WHITE),,,PCS,,,,,,,,INOX Special Shade 4Ltr. (WHITE),,,,62,465.00,-28830.00,555b733f3b0f1869,,
INOX Special Shade 4Ltr. (YELLOW),,,PCS,,,,,,,,INOX Special Shade 4Ltr. (YELLOW),,,,64,465.00,-29760.00,3e51f6fc3299707e,,
INOX Special Shade 500ml. (BLACK),,,PCS,,,,,,,,INOX Special Shade 500ml. (BLACK),,,,100,75.00,-7500.00,0fabbee257008f1b,,
INOX Special Shade 500Ml (JOLLY HOLLY),,,PCS,,,,,,,,INOX Special Shade 500Ml (JOLLY HOLLY),,,,162,87.59,-14190.00,16bb9473241ce994,,
INOX Special Shade 500ml. (LM. SOUFFLE),,,PCS,,,,,,,,INOX Special Shade 500ml. (LM. SOUFFLE),,,,302,70.00,-21140.00,2161c548f9ca0a1f,,
INOX Special Shade 500ml. (MERRY PINK),,,PCS,,,,,,,,INOX Special Shade 500ml. (MERRY PINK),,,,204,70.00,-14280.00,fa81c056fe07b64b,,
INOX Special Shade 500 ML. (OXFORD BLUE),,,PCS,,,,,,,,INOX Special Shade 500 ML. (OXFORD BLUE),,,,48,75.00,-3600.00,eca5015bf41f9059,,
INOX Special Shade 500ml. (PARROT GREEN),,,PCS,,,,,,,,INOX Special Shade 500ml. (PARROT GREEN),,,,180,70.00,-12600.00,5799d323fa88b417,,
INOX Special Shade 500ml. (PURPLE),,,PCS,,,,,,,,INOX Special Shade 500ml. (PURPLE),,,,240,78.75,-18900.00,818ea80a5feeaee0,,
INOX Special Shade 500ml. (SIGNAL RED),,,PCS,,,,,,,,INOX Special Shade 500ml. (SIGNAL RED),,,,1393,76.29,-106275.00,c5991a0ba54c9142,,
INOX Special Shade 500ml. (SOOTHING SAPPHIRE),,,PCS,,,,,,,,INOX Special Shade 500ml. (SOOTHING SAPPHIRE),,,,48,87.50,-4200.00,5daf9703b99dfec8,,
INOX Special Shade 500ml. (SUNRISE),,,PCS,,,,,,,,INOX Special Shade 500ml. (SUNRISE),,,,593,78.16,-46350.00,04dd38c9ad071169,,
INOX Special Shade 500ml. (TERRACOTTA),,,PCS,,,,,,,,INOX Special Shade 500ml. (TERRACOTTA),,,,596,61.88,-36881.06,49652fc3834a1fe3,,
INOX Special Shade 500ml. (YELLOW),,,PCS,,,,,,,,INOX Special Shade 500ml. (YELLOW),,,,88,90.34,-7950.00,e23706696831876a,,
EMULSION SPECAIL SHADES (SAFARI),,,PCS,,,,,,,,EMULSION SPECAIL SHADES (SAFARI),,,,5711,150.95,-862092.99,eb00fdc85738330f,,
SAFARI Special Shade 1Ltr. (JOLLY HOLLY),,,PCS,,,,,,,,SAFARI Special Shade 1Ltr. (JOLLY HOLLY),,,,142,144.55,-20525.45,271010b6c1a2ea93,,
Safari Special Shade 1Ltr. ( LEMON SHOUFFLE),,,PCS,,,,,,,,Safari Special Shade 1Ltr. ( LEMON SHOUFFLE),,,,117,155.00,-18135.00,9e4964ecbcc63efe,,
SAFARI Special Shade 1Ltr. (PINK),,,PCS,,,,,,,,SAFARI Special Shade 1Ltr. (PINK),,,,150,161.20,-24180.00,7de80e3b4f6bc575,,
Safari Special Shade 1 LTR. (PURPLE),,,PCS,,,,,,,,Safari Special Shade 1 LTR. (PURPLE),,,,108,165.00,-17820.00,2010c023aee0d33a,,
SAFARI Special Shade 1Ltr. (SIGNAL RED),,,PCS,,,,,,,,SAFARI Special Shade 1Ltr. (SIGNAL RED),,,,811,165.14,-133930.58,64f124c12f589933,,
SAFARI Special Shade 1Ltr. (SOOTHING SAPPHIRE),,,PCS,,,,,,,,SAFARI Special Shade 1Ltr. (SOOTHING SAPPHIRE),,,,150,164.12,-24617.65,48e8f7479d0e11c9,,
SAFARI Special Shade 1Ltr. (SUNRISE),,,PCS,,,,,,,,SAFARI Special Shade 1Ltr. (SUNRISE),,,,499,168.87,-84268.50,2dc4ed1b013e2724,,
SAFARI Special Shade 1Ltr. (TERRACOTTA),,,PCS,,,,,,,,SAFARI Special Shade 1Ltr. (TERRACOTTA),,,,337,159.88,-53879.80,add36d8ced99a778,,
SAFARI Special Shade 1 Ltr. (WHITE),,,PCS,,,,,,,,SAFARI Special Shade 1 Ltr. (WHITE),,,,18,155.00,-2790.00,f8f0cd05b7b4d8dc,,
SAFARI Special Shade 1Ltr. (YELLOW),,,PCS,,,,,,,,SAFARI Special Shade 1Ltr. (YELLOW),,,,206,174.08,-35861.01,173165b86f6a4483,,
SAFARI Special Shade 4Ltr. (JOLLY HOLLY),,,PCS,,,,,,,,SAFARI Special Shade 4Ltr. (JOLLY HOLLY),,,,64,608.00,-38912.00,d7517f41809ed1f6,,
Safari Special Shade 4Ltr. ( LEMON SHOUFFLE),,,PCS,,,,,,,,Safari Special Shade 4Ltr. ( LEMON SHOUFFLE),,,,25,608.00,-15200.00,2b6f4e7f6c7ef445,,
Safari Special Shade 4Ltr. ( OXFORD BLUE),,,PCS,,,,,,,,Safari Special Shade 4Ltr. ( OXFORD BLUE),,,,13,608.00,-7904.00,22ebf537688294e4,,
Safari Special Shade 4Ltr. ( SIGNAL RED),,,PCS,,,,,,,,Safari Special Shade 4Ltr. ( SIGNAL RED),,,,2,648.00,-1296.00,bcead0909288b443,,
Safari Special Shade 4Ltr. (SOOTHING SAPPHIRE),,,PCS,,,,,,,,Safari Special Shade 4Ltr. (SOOTHING SAPPHIRE),,,,63,608.00,-38304.00,eeac7bb179b452e8,,
SAFARI Special Shade 4LTR. ( SUNRISE),,,PCS,,,,,,,,SAFARI Special Shade 4LTR. ( SUNRISE),,,,10,648.00,-6480.00,adbf68b41c26a05f,,
SAFARI Special Shade 4Ltr. (TERRACOTTA),,,PCS,,,,,,,,SAFARI Special Shade 4Ltr. (TERRACOTTA),,,,31,648.00,-20088.00,bb0e14b38ec1b60b,,
SAFARI Special Shade 4Ltr. (WHITE),,,PCS,,,,,,,,SAFARI Special Shade 4Ltr. (WHITE),,,,6,608.00,-3648.00,93d3af47fa566c34,,
Safari Special Shade 4Ltr. ( YELLOW),,,PCS,,,,,,,,Safari Special Shade 4Ltr. ( YELLOW),,,,16,648.00,-10368.00,12b52af6d985a7a7,,
Safari Special Shade 500 ML. (JOLLY HOLLY),,,PCS,,,,,,,,Safari Special Shade 500 ML. (JOLLY HOLLY),,,,60,95.00,-5700.00,9003cb37b11b7c9e,,
Safari Special Shade 500 ML. (OXFORD BLUE),,,PCS,,,,,,,,Safari Special Shade 500 ML. (OXFORD BLUE),,,,252,90.00,-22680.00,878495064ecb3b0b,,
Safari Special Shade 500 ML. (PURPLE),,,PCS,,,,,,,,Safari Special Shade 500 ML. (PURPLE),,,,79,95.00,-7505.00,e7c97accf14f3e97,,
Safari Special Shade 500 ML. (SIGNAL RED),,,PCS,,,,,,,,Safari Special Shade 500 ML. (SIGNAL RED),,,,578,95.00,-54910.00,51b5fccdbdd3001c,,
Safari Special Shade 500 ML. (SOOTHING BLUE),,,PCS,,,,,,,,Safari Special Shade 500 ML. (SOOTHING BLUE),,,,144,90.00,-12960.00,c2e55c15b20b7189,,
Safari Special Shade 500 ML. (SUNRISE),,,PCS,,,,,,,,Safari Special Shade 500 ML. (SUNRISE),,,,528,95.00,-50160.00,5c6f37bc0e555cc8,,
Safari Special Shade 500 ML. (TERRACOTTA),,,PCS,,,,,,,,Safari Special Shade 500 ML. (TERRACOTTA),,,,648,95.00,-61560.00,3fec38c00108e698,,
Safari Special Shade 500 ML. (YELLOW),,,PCS,,,,,,,,Safari Special Shade 500 ML. (YELLOW),,,,216,95.00,-20520.00,2197ba5adc17cdc4,,
Safari Special Shase 1Ltr. ( OXFORD BLUE),,,PCS,,,,,,,,Safari Special Shase 1Ltr. ( OXFORD BLUE),,,,438,155.00,-67890.00,809ab8cc41bbc84c,,
INOX DISTEMPER BUCKET,,,PCS,,,,,,,,INOX DISTEMPER BUCKET,,,,458,341.08,-156214.00,3ea67f8019ed0e95,,
INOX Acrylic Distemper 10kg (AQUAMARINE),,,PCS,,,,,,,,INOX Acrylic Distemper 10kg (AQUAMARINE),,,,30,390.00,-11700.00,1b95926c15205fbf,,
INOX Acrylic Distemper 10kg (JAIPURIA PINK),,,BKT,,,,,,,,INOX Acrylic Distemper 10kg (JAIPURIA PINK),,,,26,235.00,-6110.00,6796e9ebb757653a,,
INOX Acrylic Distemper 10kg (LIGHT GREEN),,,PCS,,,,,,,,INOX Acrylic Distemper 10kg (LIGHT GREEN),,,,22,235.00,-5170.00,101907d759d6577e,,
INOX Acrylic Distemper 10kg (LIRIL),,,PCS,,,,,,,,INOX Acrylic Distemper 10kg (LIRIL),,,,1,390.00,-390.00,436bce732f0151f9,,
INOX Acrylic Distemper 10kg (PALE ROSE),,,PCS,,,,,,,,INOX Acrylic Distemper 10kg (PALE ROSE),,,,4,235.00,-940.00,faaa2dd8e9d9f31b,,
INOX Acrylic Distemper 10kg (PARROT GREEN),,,PCS,,,,,,,,INOX Acrylic Distemper 10kg (PARROT GREEN),,,,20,390.00,-7800.00,2d2d93b32ff22daa,,
INOX Acrylic Distemper 10kg (SUNRISE),,,PCS,,,,,,,,INOX Acrylic Distemper 10kg (SUNRISE),,,,6,415.00,-2490.00,8efe77a9b9d675b0,,
INOX Acrylic Distemper 20kg (AQUAMARINE),,,PCS,,,,,,,,INOX Acrylic Distemper 20kg (AQUAMARINE),,,,6,680.00,-4080.00,2014a18da75529c6,,
INOX Acrylic Distemper 20kg (DAFFODIL),,,PCS,,,,,,,,INOX Acrylic Distemper 20kg (DAFFODIL),,,,10,680.00,-6800.00,7ffe2cde219c404d,,
INOX Acrylic Distemper 20kg (LIGHT GREEN),,,PCS,,,,,,,,INOX Acrylic Distemper 20kg (LIGHT GREEN),,,,1,680.00,-680.00,16138b8a94bc357c,,
INOX Acrylic Distemper 20kg (LIRIL),,,PCS,,,,,,,,INOX Acrylic Distemper 20kg (LIRIL),,,,4,680.00,-2720.00,4aaab117b8b3e06d,,
INOX Acrylic Distemper 20kg (PALE ROSE),,,PCS,,,,,,,,INOX Acrylic Distemper 20kg (PALE ROSE),,,,20,608.00,-12160.00,6a57a8773176fe27,,
INOX Acrylic Distemper 20kg (PARROT GREEN),,,PCS,,,,,,,,INOX Acrylic Distemper 20kg (PARROT GREEN),,,,21,608.00,-12768.00,1804b644110c463b,,
INOX Acrylic Distemper 20kg (SUNRISE),,,PCS,,,,,,,,INOX Acrylic Distemper 20kg (SUNRISE),,,,4,720.00,-2880.00,163cec27877691b2,,
INOX Acrylic Distemper 20kg (WHITE),,,PCS,,,,,,,,INOX Acrylic Distemper 20kg (WHITE),,,,37,608.00,-22496.00,d0a33c4be090be17,,
INOX Acrylic Distemper 5kg (AQUAMARINE),,,PCS,,,,,,,,INOX Acrylic Distemper 5kg (AQUAMARINE),,,,1,225.00,-225.00,ccf436cbf470f649,,
INOX Acrylic Distemper 5kg (LIRIL),,,PCS,,,,,,,,INOX Acrylic Distemper 5kg (LIRIL),,,,43,235.00,-10105.00,8ce7007df2e69f81,,
INOX Acrylic Distemper 5kg (MERRY PINK),,,PCS,,,,,,,,INOX Acrylic Distemper 5kg (MERRY PINK),,,,70,225.00,-15750.00,88d78eba41b8b4b4,,
INOX Acrylic Distemper 5kg (PALE CREAM),,,PCS,,,,,,,,INOX Acrylic Distemper 5kg (PALE CREAM),,,,2,225.00,-450.00,21026f17639b0551,,
INOX Acrylic Distemper 5kg (PALE ROSE),,,PCS,,,,,,,,INOX Acrylic Distemper 5kg (PALE ROSE),,,,4,225.00,-900.00,71774a7fab857a37,,
INOX Acrylic Distemper 5kg (PARROT GREEN),,,PCS,,,,,,,,INOX Acrylic Distemper 5kg (PARROT GREEN),,,,63,235.00,-14805.00,4560906129a2024d,,
INOX Acrylic Distemper 5kg (SUNRISE),,,PCS,,,,,,,,INOX Acrylic Distemper 5kg (SUNRISE),,,,43,235.00,-10105.00,b4df19c44b5bfec2,,
INOX Acrylic Distemper 5kg (WHITE),,,PCS,,,,,,,,INOX Acrylic Distemper 5kg (WHITE),,,,1,225.00,-225.00,c1a7a83676e504d2,,
INOX Acrylic Distemper 5kg (YELLOW),,,PCS,,,,,,,,INOX Acrylic Distemper 5kg (YELLOW),,,,19,235.00,-4465.00,4348fd0358f53e77,,
INOX DISTEMPER POUCH,,,PKT,,,,,,,,INOX DISTEMPER POUCH,,,,23772.000,25.69,-610625.00,e4720ec869fa4a20,,
INOX Acrylic Distemper 1kg (CANDY),,,PKT,,,,,,,,INOX Acrylic Distemper 1kg (CANDY),,,,280.000,27.00,-7560.00,af57081e122bd7e0,,
INOX Acrylic Distemper 1kg (DAFFODIL),,,PKT,,,,,,,,INOX Acrylic Distemper 1kg (DAFFODIL),,,,3275.000,27.00,-88425.00,a93bdbe0e160ef37,,
INOX Acrylic Distemper 1kg (ELECTRIC BLUE),,,PKT,,,,,,,,INOX Acrylic Distemper 1kg (ELECTRIC BLUE),,,,4432.000,27.00,-119664.00,58152daa1aeed12c,,
INOX Acrylic Distemper 1kg (LIGHT GREEN),,,PKT,,,,,,,,INOX Acrylic Distemper 1kg (LIGHT GREEN),,,,900.000,27.00,-24300.00,a87028ef83f2854e,,
INOX Acrylic Distemper 1kg (LIRIL),,,PKT,,,,,,,,INOX Acrylic Distemper 1kg (LIRIL),,,,460.000,27.00,-12420.00,29addea90e7b4b6e,,
INOX Acrylic Distemper 1kg (MERRY PINK),,,PKT,,,,,,,,INOX Acrylic Distemper 1kg (MERRY PINK),,,,160.000,27.00,-4320.00,25da0e7dff726001,,
INOX Acrylic Distemper 1kg (PALE CREAM),,,PKT,,,,,,,,INOX Acrylic Distemper 1kg (PALE CREAM),,,,1320.000,27.00,-35640.00,f77e24482ebf7f55,,
INOX Acrylic Distemper 1kg Pouch (AQUAMARINE),,,PKT,,,,,,,,INOX Acrylic Distemper 1kg Pouch (AQUAMARINE),,,,3852.000,27.00,-104004.00,cbcbbced4ddaabfe,,
INOX Acrylic Distemper 1kg Pouch (FIRE RED),,,PKT,,,,,,,,INOX Acrylic Distemper 1kg Pouch (FIRE RED),,,,543.000,27.00,-14661.00,57495ee4a212ccf3,,
INOX Acrylic Distemper 1kg Pouch (JAIPURI PINK),,,PKT,,,,,,,,INOX Acrylic Distemper 1kg Pouch (JAIPURI PINK),,,,319.000,27.00,-8613.00,d56fe8c526c7c38f,,
INOX Acrylic Distemper 1kg Pouch (PALE ROSE),,,PKT,,,,,,,,INOX Acrylic Distemper 1kg Pouch (PALE ROSE),,,,2938.000,23.09,-67851.00,5d932c958a6a6050,,
INOX Acrylic Distemper 1kg Pouch (PARROT GREEN),,,PKT,,,,,,,,INOX Acrylic Distemper 1kg Pouch (PARROT GREEN),,,,3228.000,23.00,-74243.00,24e026461c0a6ed8,,
INOX Acrylic Distemper 1kg Pouch (WHITE),,,PKT,,,,,,,,INOX Acrylic Distemper 1kg Pouch (WHITE),,,,341.000,6.97,-2376.00,8c18fcffa8a90903,,
INOX Acrylic Distemper 1kg (PURPLE),,,PKT,,,,,,,,INOX Acrylic Distemper 1kg (PURPLE),,,,480.000,27.00,-12960.00,14eae630c8197a5d,,
INOX Acrylic Distemper 1kg (SUNRISE),,,PKT,,,,,,,,INOX Acrylic Distemper 1kg (SUNRISE),,,,414.000,27.00,-11178.00,1b11b3360655274f,,
INOX Acrylic Distemper 1kg (WILD LILAC),,,PKT,,,,,,,,INOX Acrylic Distemper 1kg (WILD LILAC),,,,310.000,27.00,-8370.00,a4cc3df4fbd7c7d2,,
INOX Acrylic Distemper 1kg (YELLOW),,,PKT,,,,,,,,INOX Acrylic Distemper 1kg (YELLOW),,,,107.000,27.00,-2889.00,57a24a3350a488f1,,
INOX Acrylic Distemper Pouch 1kg  (JOLLY HOLLY),,,PKT,,,,,,,,INOX Acrylic Distemper Pouch 1kg  (JOLLY HOLLY),,,,413.000,27.00,-11151.00,b8ea3a80f69328fc,,
INOX Ext. Emulsion,,,PCS,,,,,,,,INOX Ext. Emulsion,,,,1475,218.36,-322077.93,62f614a21ec85816,,
INOX Matte Finish Ext.Eml 500ML.,,,PCS,,,,,,,,INOX Matte Finish Ext.Eml 500ML.,,,,997,75.64,-75411.00,2dc048fcadb3f4af,,
INOX Matt Finish Ext. Eml. 10 Ltr.,,,PCS,,,,,,,,INOX Matt Finish Ext. Eml. 10 Ltr.,,,,72,920.82,-66299.36,2588659a5346be85,,
INOX Matt Finish Ext. Eml. 1Ltr.,,,PCS,,,,,,,,INOX Matt Finish Ext. Eml. 1Ltr.,,,,212,230.22,-48806.78,102cf14e3a850c46,,
INOX Matt Finish Ext. Eml. 20Ltr.,,,PCS,,,,,,,,INOX Matt Finish Ext. Eml. 20Ltr.,,,,15,1991.25,-29868.75,734a9a5c47980c57,,
INOX Matt Finish Ext. Eml. 4Ltr.,,,PCS,,,,,,,,INOX Matt Finish Ext. Eml. 4Ltr.,,,,160,338.70,-54192.04,1fa43210a9d8dfe7,,
Inox Water Base Enamel Ext.2/3 10Ltr.,,,PCS,,,,,,,,Inox Water Base Enamel Ext.2/3 10Ltr.,,,,9,1700.00,-15300.00,f9406d802700fa98,,
Inox Water Base Enamel Ext. 2/3 20Ltr.,,,PCS,,,,,,,,Inox Water Base Enamel Ext. 2/3 20Ltr.,,,,10,3220.00,-32200.00,dc62588b127fc261,,
INOX FLOOR COAT,,,,,,,,,,,INOX FLOOR COAT,,,,,,-3640.00,ab72d7146f4d72ee,TRUE,
INOX Floor Coat 1Ltr. (SIGNAL RED),,,PCS,,,,,,,,INOX Floor Coat 1Ltr. (SIGNAL RED),,,,14,260.00,-3640.00,7c399caac2297b63,,
INOX Int. Emulsion,,,PCS,,,,,,,,INOX Int. Emulsion,,,,160,1668.80,-267008.40,da8ead58e835c4fc,,
INOX Matt Finish Int. Eml. 10Ltr.,,,PCS,,,,,,,,INOX Matt Finish Int. Eml. 10Ltr.,,,,47,929.72,-43696.91,a97161b544578aab,,
INOX Matt Finish Int. Eml. 1Ltr.,,,PCS,,,,,,,,INOX Matt Finish Int. Eml. 1Ltr.,,,,84,2012.05,-169012.11,822c9d4de6a3c927,,
INOX Matt Finish Int. Eml. 20Ltr.,,,PCS,,,,,,,,INOX Matt Finish Int. Eml. 20Ltr.,,,,28,1841.32,-51556.88,4ec974fa9c9546e0,,
INOX Matt Finish Int. Eml. 4Ltr.,,,PCS,,,,,,,,INOX Matt Finish Int. Eml. 4Ltr.,,,,1,2742.50,-2742.50,836ea3d9cd5e04a4,,
PAINT OIL,,,,,,,,,,,PAINT OIL,,,,,,-87296.00,6f5dca81b6388c8e,TRUE,
PAINT OIL 200 ML.,,,PCS,,,,,,,,PAINT OIL 200 ML.,,,,225,20.00,-4500.00,a6b4cc13dd779a46,,
PAINT OIL 20 LTR.,,,,,,,,,,,PAINT OIL 20 LTR.,,,,,,-30720.00,9071a8cc1bd59b39,TRUE,
Paint Oil 450 ML.,,,PCS,,,,,,,,Paint Oil 450 ML.,,,,840,42.00,-35280.00,c177b790dd0df7d9,,
PAINT OIL 800 ML,,,PCS,,,,,,,,PAINT OIL 800 ML,,,,247,68.00,-16796.00,502c7a352e2ab7ad,,
PRIMER (EXT. & INT.),,,PCS,,,,,,,,PRIMER (EXT. & INT.),,,,1228,148.30,-182111.77,d00204a119b894dd,,
INOX Water Primer 10Ltr.,,,PCS,,,,,,,,INOX Water Primer 10Ltr.,,,,41,421.40,-17277.21,ad713f1d806ac50d,,
INOX Water Primer 1Ltr.,,,PCS,,,,,,,,INOX Water Primer 1Ltr.,,,,114,108.61,-12381.92,63bf3d05031e288f,,
INOX Water Primer 20Ltr.,,,PCS,,,,,,,,INOX Water Primer 20Ltr.,,,,11,1238.09,-13619.00,2c4b3e11d7f6e2cb,,
INOX Water Primer 4Ltr.,,,PCS,,,,,,,,INOX Water Primer 4Ltr.,,,,123,347.25,-42712.12,498826077683339c,,
SAFARI METAL PRIMER 20 Ltr.,,,DRM,,,,,,,,SAFARI METAL PRIMER 20 Ltr.,,,,17,,,a47aca30babe0a3a,,
SAFARI Red Oxide Matt (G2) 1Ltr.,,,PCS,,,,,,,,SAFARI Red Oxide Matt (G2) 1Ltr.,,,,71,142.86,-10142.86,8286ac89a2086893,,
SAFARI Red Oxide Matt (G2) 20Ltr.,,,PCS,,,,,,,,SAFARI Red Oxide Matt (G2) 20Ltr.,,,,6,,,03532de7d65b90e3,,
SAFARI Red Oxide Matt (G2) 4Ltr.,,,PCS,,,,,,,,SAFARI Red Oxide Matt (G2) 4Ltr.,,,,4,480.00,-1920.00,9b116ed185816c74,,
SAFARI Red Oxide Matt (G2) 500ml.,,,PCS,,,,,,,,SAFARI Red Oxide Matt (G2) 500ml.,,,,85,44.47,-3779.64,67a8a9d56edbe4ea,,
SAFARI Red Oxide Matt (G3) 1Ltr.,,,PCS,,,,,,,,SAFARI Red Oxide Matt (G3) 1Ltr.,,,,371,42.17,-15645.00,ba3f298db7b4e692,,
SAFARI Red Oxide Matt (G3) 4Ltr.,,,PCS,,,,,,,,SAFARI Red Oxide Matt (G3) 4Ltr.,,,,51,90.09,-4594.59,d0f4914ba8edee60,,
SAFARI Red Oxide Matt (G3) 500Ml.,,,PCS,,,,,,,,SAFARI Red Oxide Matt (G3) 500Ml.,,,,152,187.73,-28534.99,5174f84c58259c35,,
SAFARI Smooth Finish Water Primer 10Ltr.,,,PCS,,,,,,,,SAFARI Smooth Finish Water Primer 10Ltr.,,,,15,658.00,-9870.00,b9edcaa22c88027a,,
SAFARI Smooth Finish Water Primer 1Ltr.,,,PCS,,,,,,,,SAFARI Smooth Finish Water Primer 1Ltr.,,,,160,97.13,-15540.00,f1082180db31f563,,
SAFARI Smooth Finish Water Primer 20Ltr.,,,PCS,,,,,,,,SAFARI Smooth Finish Water Primer 20Ltr.,,,,5,1088.89,-5444.44,c2e5dfa8d776c9fa,,
SAFARI Smooth Finish Water Primer 4Ltr.,,,PCS,,,,,,,,SAFARI Smooth Finish Water Primer 4Ltr.,,,,2,325.00,-650.00,bde0386f89fa7b5e,,
RAW MATERIAL,,,,,,,,,,,RAW MATERIAL,,,,,,-6141278.18,d9fed3edb0ade566,TRUE,
10 KG Bucket With LID,,,PCS,,,,,,,,10 KG Bucket With LID,,,,1280,70.00,-89600.00,e7d33565c2b9c2f9,,
1 Ltr. (TIn),,,PCS,,,,,,,,1 Ltr. (TIn),,,,3818,22.00,-83996.00,01a50129c2f30c6d,,
20 KG Bucket with LID,,,PCS,,,,,,,,20 KG Bucket with LID,,,,206,120.00,-24720.00,163f4d38daac469d,,
4 Ltr. (TIn),,,PCS,,,,,,,,4 Ltr. (TIn),,,,592,56.00,-33152.00,12d96d49074391c8,,
500 Ml. (TIn),,,PCS,,,,,,,,500 Ml. (TIn),,,,5108,16.00,-81728.00,23823d511b73fc60,,
5 KG BUCKET WITH LID,,,PCS,,,,,,,,5 KG BUCKET WITH LID,,,,2344,38.44,-90114.99,6feac9925678f9a9,,
Alfox 200,,,KG,,,,,,,,Alfox 200,,,,37.020,253.14,-9371.24,ca47620f3ab2dc0d,,
Aluminium Stearate,,,KG,,,,,,,,Aluminium Stearate,,,,25.000,130.00,-3250.00,095f1f88d3f6c3d3,,
Amonia,,,KG,,,,,,,,Amonia,,,,16.900,,,10b37cc18b5b6168,,
Barrels (18%),,,PCS,,,,,,,,Barrels (18%),,,,5,670.00,-3350.00,fef5722138fcf502,,
Blue Drum 100 Ltr.,,,DRM,,,,,,,,Blue Drum 100 Ltr.,,,,-4,,,cf2e549ab535ec0d,,
Blue Drum 50 Ltr.,,,PCS,,,,,,,,Blue Drum 50 Ltr.,,,,-2,,,dd81d6f6fec9b93a,,
"Bowl Set 20""",,,PCS,,,,,,,,"Bowl Set 20""",,,,1,1199.90,-1199.90,cf9b573f48435bfc,,
Bucket with LID -10 LTR,,,PCS,,,,,,,,Bucket with LID -10 LTR,,,,366,88.50,-32391.00,f7bec87a634cd9cb,,
BUCKET with LID- 1 LTR,,,PCS,,,,,,,,BUCKET with LID- 1 LTR,,,,10470,15.43,-161537.76,998d4d75fcbbb76b,,
BUCKET with LID-20 LTR,,,LTR,,,,,,,,BUCKET with LID-20 LTR,,,,150.000,160.00,-24000.00,80c595e4d715c51b,,
BUCKET with LID-4 LTR,,,PCS,,,,,,,,BUCKET with LID-4 LTR,,,,1835,38.20,-70097.00,11607633b31ddcec,,
Bucket with Lid- 500Ml.,,,PCS,,,,,,,,Bucket with Lid- 500Ml.,,,,12373,11.84,-146487.78,8ea7a2a6f7344dcf,,
Cartoon (1 Ltr. x 6 Pcs),,,PCS,,,,,,,,Cartoon (1 Ltr. x 6 Pcs),,,,2031,9.50,-19294.50,262ad1faf284e2ee,,
Cartoon (4 Ltr. x 4 Pcs),,,PCS,,,,,,,,Cartoon (4 Ltr. x 4 Pcs),,,,498,30.00,-14940.00,e0994a77416052e3,,
Cartoon (500 Ml. x 12 Pcs),,,PCS,,,,,,,,Cartoon (500 Ml. x 12 Pcs),,,,2002,10.20,-20420.40,5a7f2a625d38f6c7,,
Cartoon (5 Kg. x 4 Pcs),,,PCS,,,,,,,,Cartoon (5 Kg. x 4 Pcs),,,,499,31.00,-15469.00,9ce05331aaa71051,,
Cartoon Distemper (Pouch),,,BOX,,,,,,,,Cartoon Distemper (Pouch),,,,2777,38.16,-105959.85,0b91d154188e75bb,,
Cartoon Distemper (Pouch) NEW BHARAT PAINTS,,,PCS,,,,,,,,Cartoon Distemper (Pouch) NEW BHARAT PAINTS,,,,510,25.00,-12750.00,9bb7a7f41463f81b,,
Cartoon Tape (4),,,PCS,,,,,,,,Cartoon Tape (4),,,,63,486.50,-30649.62,c14d0d4965404012,,
Cartoon Tape (6),,,PCS,,,,,,,,Cartoon Tape (6),,,,72,57.79,-4161.01,be25388027a69cc2,,
Caustic Soda,,,KG,,,,,,,,Caustic Soda,,,,105.400,50.00,-5270.00,5893e0aca14961b2,,
Caustic Soda Flakes,,,KG,,,,,,,,Caustic Soda Flakes,,,,300.000,54.00,-16200.00,4ca08c76cb6e88a9,,
Cellulose Ether (Hecellose) SBHV (25KGS),,,KG,,,,,,,,Cellulose Ether (Hecellose) SBHV (25KGS),,,,75.000,610.00,-45750.00,8e2cec0216eb9f71,,
CEPS,,,PCS,,,,,,,,CEPS,,,,445,3.00,-1335.00,69b3fc1a038c02ca,,
Chain Pulley Block 1 Ton (K- Power),,,PCS,,,,,,,,Chain Pulley Block 1 Ton (K- Power),,,,1,4150.00,-4150.00,f0da751ad2df0290,,
Chemnol 5013,,,KG,,,,,,,,Chemnol 5013,,,,195.000,165.00,-32175.00,dea09074f46a75c6,,
CHINA CLAY (MT),,,KG,,,,,,,,CHINA CLAY (MT),,,,13940.000,13.20,-183964.93,1f5551fe2172e76a,,
Clarolite Voilet 91 (R),,,KG,,,,,,,,Clarolite Voilet 91 (R),,,,20.000,570.00,-11400.00,6ddb98d190ba5702,,
CMC YBOON,,,KG,,,,,,,,CMC YBOON,,,,133.800,336.67,-45046.00,4c713bd8642ab4dd,,
Drier Combination 25,,,KG,,,,,,,,Drier Combination 25,,,,75.000,196.67,-14750.00,51f1c9a793057b97,,
ELECTRICALS PRODUCT,,,QTY,,,,,,,,ELECTRICALS PRODUCT,,,,1.000,900.00,-900.00,63262febfc596477,,
EMDICRYL 2495 (240Kg),,,KG,,,,,,,,EMDICRYL 2495 (240Kg),,,,720.000,78.00,-56160.00,4eaaec17a62f50e9,,
EMDILITH DP 09 (250KG),,,KG,,,,,,,,EMDILITH DP 09 (250KG),,,,250.000,115.00,-28750.00,02418e188b922bc7,,
Eurocryl 4020 (235kgs),,,KG,,,,,,,,Eurocryl 4020 (235kgs),,,,1645.000,98.00,-161210.00,722fd6c92bc8bd31,,
Eurocryl 7001 (235 Kgs),,,KG,,,,,,,,Eurocryl 7001 (235 Kgs),,,,2115.000,71.00,-150165.00,a78ea49473912c00,,
GLOVES EXMINATION M,,,QTY,,,,,,,,GLOVES EXMINATION M,,,,20.000,165.18,-3303.60,8690073d7b812a8c,,
HP 2590,,,PCS,,,,,,,,HP 2590,,,,1,3644.07,-3644.07,0f3ccdeecdd8484c,,
Indofil AT 140 245 KGS,,,KG,,,,,,,,Indofil AT 140 245 KGS,,,,245.000,112.00,-27440.00,5f33d1f2dcaa552b,,
Industrial Solvent (Ltr),,,LTR,,,,,,,,Industrial Solvent (Ltr),,,,800.000,63.50,-50800.00,e80e0f933d7e6903,,
INNER PLUG,,,PCS,,,,,,,,INNER PLUG,,,,500,6.00,-3000.00,734270a6c017c05f,,
INOX 20LTR,,,BKT,,,,,,,,INOX 20LTR,,,,3,33466.67,-100400.00,2d86443da71fa19a,,
INOX DISTEMPER 20 KG BUCKETWITH LID,,,PCS,,,,,,,,INOX DISTEMPER 20 KG BUCKETWITH LID,,,,210,120.00,-25200.00,20fb9d67d80d4223,,
INOX DISTEMPER BUCKET 10 KG WITH LID,,,PCS,,,,,,,,INOX DISTEMPER BUCKET 10 KG WITH LID,,,,152,70.00,-10640.00,b4ed2a37311a80e4,,
INOX DISTEMPER BUCKET 5KG WITH LID,,,PCS,,,,,,,,INOX DISTEMPER BUCKET 5KG WITH LID,,,,329,40.00,-13160.00,002a2d08ee108471,,
JJ-2431 (50%),,,KG,,,,,,,,JJ-2431 (50%),,,,440.000,75.00,-33000.00,d505c7df8db2a05d,,
JJ FOAM 7010 DEFOAMER (45KG),,,KG,,,,,,,,JJ FOAM 7010 DEFOAMER (45KG),,,,225.000,202.00,-45450.00,83abe2aed666a67f,,
Job Advertising Ad,,,QTY,,,,,,,,Job Advertising Ad,,,,1.000,2200.00,-2200.00,5089704d4ef58b61,,
LD/HM/PP Bags and Roll Kg,,,KG,,,,,,,,LD/HM/PP Bags and Roll Kg,,,,367.774,120.36,-44264.64,4ae727bc0a4d4911,,
LIBO OIL AND & SE PAINT 2719,,,KG,,,,,,,,LIBO OIL AND & SE PAINT 2719,,,,-100.000,,,614cd81ab8b157f1,,
Liquor Ammonia,,,KG,,,,,,,,Liquor Ammonia,,,,387.700,45.04,-17460.20,9b7473054cb5c67d,,
Maize Starch Bag,,,BAG,,,,,,,,Maize Starch Bag,,,,80,370.54,-29642.80,edadd2682ce4a221,,
Marble Powder 9500,,,KG,,,,,,,,Marble Powder 9500,,,,34992.000,4.54,-158854.58,3ef6574d32e8adb6,,
Marble Powder 9900,,,KG,,,,,,,,Marble Powder 9900,,,,32513.000,5.32,-172899.91,7ccfe42902d5c358,,
MEG,,,KG,,,,,,,,MEG,,,,230.300,74.16,-17077.98,a7a23481eab7ae8b,,
Metazolone FM,,,KG,,,,,,,,Metazolone FM,,,,200.000,61.25,-12250.00,a40f66636b8596ef,,
Mineral Powder (25kg),,,KG,,,,,,,,Mineral Powder (25kg),,,,3000.000,10.92,-32749.98,9c9c6e87ec8aa257,,
MINERAL (TURKEY) 25KG,,,KG,,,,,,,,MINERAL (TURKEY) 25KG,,,,2000.000,9.75,-19500.00,a5b60049a324e39b,,
Minifine Blue 1611,,,KG,,,,,,,,Minifine Blue 1611,,,,42.300,318.00,-13451.40,a778bcceaf50c55c,,
Minifine Green BT,,,KG,,,,,,,,Minifine Green BT,,,,172.800,370.00,-63936.00,2a471e6c30bdad0e,,
Minifine Red 1551 (Interior),,,KG,,,,,,,,Minifine Red 1551 (Interior),,,,50.000,406.00,-20300.00,1c78bcf116b1a2d7,,
Minifine Signal Red 48,,,KG,,,,,,,,Minifine Signal Red 48,,,,191.950,408.00,-78315.60,af8e1b9df9d206ac,,
Minifine Signal Red Special,,,KG,,,,,,,,Minifine Signal Red Special,,,,110.000,549.64,-60460.00,310e81b5bc3ba5de,,
Minifine Traffic Yellow 4583,,,KG,,,,,,,,Minifine Traffic Yellow 4583,,,,100.000,258.00,-25800.00,1327e91824e69ea5,,
Minifine Yellow 1574,,,KG,,,,,,,,Minifine Yellow 1574,,,,477.000,215.55,-102816.09,5b01cdc45f7da850,,
Minifine Yellow Green 1621,,,KG,,,,,,,,Minifine Yellow Green 1621,,,,230.000,310.78,-71480.00,e123b2bdaeea39ac,,
NATROSOL 250 HHBR (HEC),,,KG,,,,,,,,NATROSOL 250 HHBR (HEC),,,,50.000,670.00,-33500.00,7d77705683861af1,,
NDW,,,KG,,,,,,,,NDW,,,,28.100,,,3d1719be234123fd,,
Orton 731,,,KG,,,,,,,,Orton 731,,,,24.580,151.50,-3723.87,836d098e430208c0,,
PAINT OIL,,,KG,,,,,,,,PAINT OIL,,,,1250.000,80.64,-100797.20,b901c7108c94d470,,
Paint Oils,,,LTR,,,,,,,,Paint Oils,,,,2000.000,50.42,-100847.46,c7f999043c4889c8,,
Pig.Paste Black,,,KG,,,,,,,,Pig.Paste Black,,,,50.000,115.00,-5750.00,0fa05e26ae9f676e,,
Pig.Paste Green B,,,KG,,,,,,,,Pig.Paste Green B,,,,285.500,325.00,-92787.50,943586b8614e34c7,,
Pig.Paste Pink,,,KG,,,,,,,,Pig.Paste Pink,,,,50.000,625.00,-31250.00,25df5780378b916a,,
Pig Paste Red 551,,,KG,,,,,,,,Pig Paste Red 551,,,,200.000,395.00,-79000.00,a05c44c2b38bc182,,
Pig Paste Red Violet-Rosella,,,KG,,,,,,,,Pig Paste Red Violet-Rosella,,,,100.000,425.00,-42500.00,2fe2dbaa618308e6,,
Pig.Paste Royal Blue,,,KG,,,,,,,,Pig.Paste Royal Blue,,,,300.000,290.00,-87000.00,87287d419b63f7d4,,
Pig.Paste Signal Red,,,KG,,,,,,,,Pig.Paste Signal Red,,,,250.000,365.00,-91250.00,ff9a71001e70937f,,
Pig Paste Special Signal Red,,,KG,,,,,,,,Pig Paste Special Signal Red,,,,100.000,435.00,-43500.00,ae96624f357b835d,,
Pigpaste Traffic Yellow,,,KG,,,,,,,,Pigpaste Traffic Yellow,,,,150.000,250.00,-37500.00,976a777ae8cd9e66,,
Pig.Paste Violet,,,KG,,,,,,,,Pig.Paste Violet,,,,50.000,525.00,-26250.00,5a76f16886a0bdda,,
Pigpaste Yellow-74,,,KG,,,,,,,,Pigpaste Yellow-74,,,,100.000,210.00,-21000.00,632d056c7e93079e,,
Pig.Paste Yellow Green,,,KG,,,,,,,,Pig.Paste Yellow Green,,,,150.000,330.00,-49500.00,3c00a655127f2f5d,,
Pinoil,,,KG,,,,,,,,Pinoil,,,,12.600,163.46,-2059.60,e67d98c8f5ad1142,,
Plastic Bucket Paint 10kg (Safari Distemper),,,PCS,,,,,,,,Plastic Bucket Paint 10kg (Safari Distemper),,,,441,80.00,-35280.00,c4fa5492e4c951e8,,
Plastic Bucket Paint 10Ltr. (Safari Lux.),,,PCS,,,,,,,,Plastic Bucket Paint 10Ltr. (Safari Lux.),,,,1078,95.00,-102410.00,02c0cebc4e965038,,
Plastic Bucket Paint 1kg (Safari Distemper),,,PCS,,,,,,,,Plastic Bucket Paint 1kg (Safari Distemper),,,,1158,12.00,-13896.00,968eabaf080f6beb,,
Plastic Bucket Paint 1Ltr. (Safari Lux.),,,PCS,,,,,,,,Plastic Bucket Paint 1Ltr. (Safari Lux.),,,,5385,15.00,-80775.00,2e39fc28c841e794,,
Plastic Bucket Paint 20kg (Safari Distemper),,,PCS,,,,,,,,Plastic Bucket Paint 20kg (Safari Distemper),,,,452,121.00,-54692.00,b76ec51b69a8468e,,
Plastic Bucket Paint 20Ltr. (Safari Lux.),,,PCS,,,,,,,,Plastic Bucket Paint 20Ltr. (Safari Lux.),,,,928,143.00,-132704.00,77b859ba4205a2d3,,
Plastic Bucket Paint 4Ltr. (Safari Lux.),,,PCS,,,,,,,,Plastic Bucket Paint 4Ltr. (Safari Lux.),,,,2344,42.00,-98448.00,dbb357830eb63af2,,
Plastic Bucket Paint 5kg (Safari Distemper),,,PCS,,,,,,,,Plastic Bucket Paint 5kg (Safari Distemper),,,,894,40.00,-35760.00,062222427ab45b88,,
Plastic Bucket Squire 10kg (Sapphire),,,PCS,,,,,,,,Plastic Bucket Squire 10kg (Sapphire),,,,100,74.00,-7400.00,0bf986dfcfd73cd7,,
Plastic Bucket Squire 20kg (Sapphire),,,PCS,,,,,,,,Plastic Bucket Squire 20kg (Sapphire),,,,100,130.00,-13000.00,3decbfa7f9443ecb,,
Preventol D- 6 Gf,,,KG,,,,,,,,Preventol D- 6 Gf,,,,630.250,65.86,-41508.98,76c1f201570d078c,,
Primal AC-261S Acrylic Emulsion,,,KG,,,,,,,,Primal AC-261S Acrylic Emulsion,,,,1645.000,108.29,-178129.98,b69e9a7ea638399c,,
Printed Flexible Laminated (INOX),,,KG,,,,,,,,Printed Flexible Laminated (INOX),,,,395.000,207.63,-82013.85,21740fd13b06ed5d,,
Printed Flexible Laminated (Safari Pouch),,,KG,,,,,,,,Printed Flexible Laminated (Safari Pouch),,,,949.600,208.69,-198170.64,e7b80215a93c2ca0,,
Red-3 1551,,,KG,,,,,,,,Red-3 1551,,,,5.000,,,2510bc9f42e1d105,,
Resin Mix Industrial Solvent,,,LTR,,,,,,,,Resin Mix Industrial Solvent,,,,216.000,61.00,-13176.00,a6bfe6f453ac23f0,,
Soapstone Powder (50kg),,,KG,,,,,,,,Soapstone Powder (50kg),,,,2000.000,14.00,-28000.00,2937b7cc73957b6b,,
Sodium Carboxymethyl Cellulose Cmc) 25kgs Eagle),,,KG,,,,,,,,Sodium Carboxymethyl Cellulose Cmc) 25kgs Eagle),,,,175.000,301.43,-52750.00,5c71122a2e1679e2,,
Starch Powder,,,KG,,,,,,,,Starch Powder,,,,1440.000,42.40,-61056.00,84bd6d953323d295,,
Styrene Acrylic Emulsion,,,KG,,,,,,,,Styrene Acrylic Emulsion,,,,1888.000,78.23,-147702.96,a530f60a07211af8,,
SUN A 0009A 640,,,KG,,,,,,,,SUN A 0009A 640,,,,220.000,176.00,-38720.00,94c214b125e1cc69,,
Syn. Iron Oxide Pigment - Red,,,KG,,,,,,,,Syn. Iron Oxide Pigment - Red,,,,1825.000,108.11,-197291.64,44abefed73ca47c4,,
Syn. Iron Oxide Pigment - Yellow,,,KG,,,,,,,,Syn. Iron Oxide Pigment - Yellow,,,,25.000,110.00,-2750.00,14130351e988b525,,
Synthatic CNSL Resins,,,KG,,,,,,,,Synthatic CNSL Resins,,,,2010.000,63.82,-128280.57,6133d5d1a9e5fba5,,
Synthtic Alkyed Resins,,,KG,,,,,,,,Synthtic Alkyed Resins,,,,400.000,117.00,-46800.00,aabea2e7ee55b5b9,,
Tally Prime,,,QTY,,,,,,,,Tally Prime,,,,1.000,8100.00,-8100.00,c703341c55da449a,,
Titanium Dioxide-32061110,,,KG,,,,,,,,Titanium Dioxide-32061110,,,,1155.000,263.10,-303884.10,53a910d04dc09069,,
TULSI CHINA-052,,,KG,,,,,,,,TULSI CHINA-052,,,,5000.000,10.00,-50000.00,726a2a2dcd3a22d0,,
TULSI CHINA-053,,,KG,,,,,,,,TULSI CHINA-053,,,,5000.000,9.00,-45000.00,1ecb66971ec5775d,,
SAFARI DISTEMPER BUCKET,,,PCS,,,,,,,,SAFARI DISTEMPER BUCKET,,,,1371,361.81,-496047.03,aa88997253e371fe,,
SAFARI Double Bond Distemper 10kg (AQUAMARINE),,,PCS,,,,,,,,SAFARI Double Bond Distemper 10kg (AQUAMARINE),,,,67,113.21,-7585.33,4d31d3fbbcc17394,,
SAFARI Double Bond Distemper 10kg (CANDY),,,PCS,,,,,,,,SAFARI Double Bond Distemper 10kg (CANDY),,,,11,450.00,-4950.00,f1ceb7737bd0e965,,
SAFARI Double Bond Distemper 10kg (DAFFODIL),,,PCS,,,,,,,,SAFARI Double Bond Distemper 10kg (DAFFODIL),,,,30,507.71,-15231.36,2a0f430fbb150f1f,,
SAFARI Double Bond Distemper 10kg (ELECTRIC BLUE),,,PCS,,,,,,,,SAFARI Double Bond Distemper 10kg (ELECTRIC BLUE),,,,18,268.03,-4824.62,eda54660b9d21bec,,
SAFARI Double Bond Distemper 10kg (JAIPURIYA PINK),,,PCS,,,,,,,,SAFARI Double Bond Distemper 10kg (JAIPURIYA PINK),,,,5,720.00,-3600.00,9ea098f0a0dde799,,
SAFARI Double Bond Distemper 10kg (JOLLY HOLLY),,,PCS,,,,,,,,SAFARI Double Bond Distemper 10kg (JOLLY HOLLY),,,,3,450.00,-1350.00,ea08ea65ca6d4d2a,,
SAFARI Double Bond Distemper 10kg (LIGHT GREEN),,,PCS,,,,,,,,SAFARI Double Bond Distemper 10kg (LIGHT GREEN),,,,26,250.00,-6500.00,8de40b629d3ac645,,
SAFARI Double Bond Distemper 10kg (LIRIL),,,,,,,,,,,SAFARI Double Bond Distemper 10kg (LIRIL),,,,,,-40.00,6dc438343c077be9,TRUE,
SAFARI Double Bond Distemper 10kg (MEGENTA),,,PCS,,,,,,,,SAFARI Double Bond Distemper 10kg (MEGENTA),,,,2,475.00,-950.00,56e40ccad09750f7,,
SAFARI Double Bond Distemper 10kg (MERRY PINK),,,PCS,,,,,,,,SAFARI Double Bond Distemper 10kg (MERRY PINK),,,,6,450.00,-2700.00,9ee54258508f66b8,,
SAFARI Double Bond Distemper 10kg (PALE CREAM),,,PCS,,,,,,,,SAFARI Double Bond Distemper 10kg (PALE CREAM),,,,10,450.00,-4500.00,ba110d2a12b6e2f6,,
SAFARI Double Bond Distemper 10kg (PALE ROSE),,,PCS,,,,,,,,SAFARI Double Bond Distemper 10kg (PALE ROSE),,,,15,359.33,-5390.00,72b6087ad7dda8ac,,
SAFARI Double Bond Distemper 10kg (PARROT GREEN),,,PCS,,,,,,,,SAFARI Double Bond Distemper 10kg (PARROT GREEN),,,,16,206.25,-3300.00,4c7cbfd26d3d7e59,,
SAFARI Double Bond Distemper 10kg (PISTA),,,PCS,,,,,,,,SAFARI Double Bond Distemper 10kg (PISTA),,,,27,450.00,-12150.00,b83250dadd17d3d3,,
SAFARI Double Bond Distemper 10kg (SKY BLUE),,,PCS,,,,,,,,SAFARI Double Bond Distemper 10kg (SKY BLUE),,,,12,450.00,-5400.00,bf8d17c7cfd1ec99,,
SAFARI Double Bond Distemper 10kg (SUNRISE),,,PCS,,,,,,,,SAFARI Double Bond Distemper 10kg (SUNRISE),,,,27,450.00,-12150.00,7ecf24ef77527651,,
SAFARI Double Bond Distemper 10kg (WHITE),,,PCS,,,,,,,,SAFARI Double Bond Distemper 10kg (WHITE),,,,20,500.00,-10000.00,fa4f153ab3267307,,
SAFARI Double Bond Distemper 10kg (YELLOW),,,PCS,,,,,,,,SAFARI Double Bond Distemper 10kg (YELLOW),,,,18,475.00,-8550.00,02287583f97a102f,,
SAFARI Double Bond Distemper 20kg (AQUAMARINE),,,PCS,,,,,,,,SAFARI Double Bond Distemper 20kg (AQUAMARINE),,,,38,682.92,-25951.08,5e33a9b3f589c825,,
SAFARI Double Bond Distemper 20kg (CANDY),,,PCS,,,,,,,,SAFARI Double Bond Distemper 20kg (CANDY),,,,5,740.00,-3700.00,4a108ea58f70fdb4,,
SAFARI Double Bond Distemper 20kg (DAFFODIL),,,PCS,,,,,,,,SAFARI Double Bond Distemper 20kg (DAFFODIL),,,,39,834.87,-32560.00,5c05f66e47faf9ea,,
SAFARI Double Bond Distemper 20kg (ELECTRIC BLUE),,,PCS,,,,,,,,SAFARI Double Bond Distemper 20kg (ELECTRIC BLUE),,,,6,916.67,-5500.00,077482fee9a12e43,,
SAFARI Double Bond Distemper 20kg (JAIPURIYA PINK),,,PCS,,,,,,,,SAFARI Double Bond Distemper 20kg (JAIPURIYA PINK),,,,5,740.00,-3700.00,810777c8830dda4c,,
SAFARI Double Bond Distemper 20kg (JOLLY HOLLY),,,PCS,,,,,,,,SAFARI Double Bond Distemper 20kg (JOLLY HOLLY),,,,3,740.00,-2220.00,a9aa500f0cf05569,,
SAFARI Double Bond Distemper 20kg (LIGHT GREEN),,,PCS,,,,,,,,SAFARI Double Bond Distemper 20kg (LIGHT GREEN),,,,6,740.00,-4440.00,d195fd2b3d0c3ffe,,
SAFARI Double Bond Distemper 20kg (MERRY PINK),,,PCS,,,,,,,,SAFARI Double Bond Distemper 20kg (MERRY PINK),,,,17,740.00,-12580.00,c2b162c64b59f28d,,
SAFARI Double Bond Distemper 20kg (PALE CREAM),,,PCS,,,,,,,,SAFARI Double Bond Distemper 20kg (PALE CREAM),,,,11,740.00,-8140.00,27cdd954fc54a40f,,
SAFARI Double Bond Distemper 20kg (PALE ROSE),,,PCS,,,,,,,,SAFARI Double Bond Distemper 20kg (PALE ROSE),,,,19,778.95,-14800.00,a6fee141fa9ae64c,,
SAFARI Double Bond Distemper 20kg (PARROT GREEN),,,PCS,,,,,,,,SAFARI Double Bond Distemper 20kg (PARROT GREEN),,,,14,740.00,-10360.00,4ec8d47a7580901b,,
SAFARI Double Bond Distemper 20kg (SKY BLUE),,,PCS,,,,,,,,SAFARI Double Bond Distemper 20kg (SKY BLUE),,,,1,740.00,-740.00,1dc12866152bec54,,
SAFARI Double Bond Distemper 20kg (SUNRISE),,,PCS,,,,,,,,SAFARI Double Bond Distemper 20kg (SUNRISE),,,,30,732.00,-21960.00,1378e7e32d003a87,,
SAFARI Double Bond Distemper 20kg (WHITE),,,PCS,,,,,,,,SAFARI Double Bond Distemper 20kg (WHITE),,,,21,809.76,-17004.91,189c5dfda76f3d2e,,
SAFARI Double Bond Distemper 20kg (WILD LILAC),,,PCS,,,,,,,,SAFARI Double Bond Distemper 20kg (WILD LILAC),,,,5,740.00,-3700.00,e06df860a84e9d38,,
SAFARI Double Bond Distemper 5kg (AQUAMARINE),,,PCS,,,,,,,,SAFARI Double Bond Distemper 5kg (AQUAMARINE),,,,1,254.57,-254.57,7ccc780035588f54,,
SAFARI Double Bond Distemper 5kg (CANDY),,,PCS,,,,,,,,SAFARI Double Bond Distemper 5kg (CANDY),,,,16,250.00,-4000.00,0a83b86adc75de79,,
SAFARI Double Bond Distemper 5kg (DAFFODIL),,,PCS,,,,,,,,SAFARI Double Bond Distemper 5kg (DAFFODIL),,,,52,252.23,-13115.82,2f8886129fdcadb8,,
SAFARI Double Bond Distemper 5kg (ELECTRIC BLUE),,,PCS,,,,,,,,SAFARI Double Bond Distemper 5kg (ELECTRIC BLUE),,,,25,370.00,-9250.00,72ec5d7182ef4359,,
SAFARI Double Bond Distemper 5kg (JAIPURIYA PINK),,,PCS,,,,,,,,SAFARI Double Bond Distemper 5kg (JAIPURIYA PINK),,,,32,312.50,-10000.00,91f8e2ab41ba37f6,,
SAFARI Double Bond Distemper 5kg (JOLLY HOLLY),,,PCS,,,,,,,,SAFARI Double Bond Distemper 5kg (JOLLY HOLLY),,,,18,275.00,-4950.00,339a52c0da3a2573,,
SAFARI Double Bond Distemper 5kg (LIGHT GREEN),,,PCS,,,,,,,,SAFARI Double Bond Distemper 5kg (LIGHT GREEN),,,,67,250.00,-16750.00,bfd87a37797413d6,,
SAFARI Double Bond Distemper 5kg (LIRIL),,,PCS,,,,,,,,SAFARI Double Bond Distemper 5kg (LIRIL),,,,12,216.13,-2593.55,c4e5f89e1f2d0536,,
SAFARI Double Bond Distemper 5kg (MEGENTA),,,PCS,,,,,,,,SAFARI Double Bond Distemper 5kg (MEGENTA),,,,28,285.71,-8000.00,bf364c9fd197a267,,
SAFARI Double Bond Distemper 5kg (MERRY PINK),,,PCS,,,,,,,,SAFARI Double Bond Distemper 5kg (MERRY PINK),,,,31,250.00,-7750.00,775e0f84c19a11ed,,
SAFARI Double Bond Distemper 5kg (PALE CREAM),,,PCS,,,,,,,,SAFARI Double Bond Distemper 5kg (PALE CREAM),,,,40,250.00,-10000.00,44a740809dafd6fa,,
SAFARI Double Bond Distemper 5kg (PALE ROSE),,,PCS,,,,,,,,SAFARI Double Bond Distemper 5kg (PALE ROSE),,,,73,327.26,-23889.76,eb76ab79c96e599c,,
SAFARI Double Bond Distemper 5kg (PARROT GREEN),,,PCS,,,,,,,,SAFARI Double Bond Distemper 5kg (PARROT GREEN),,,,42,235.74,-9901.11,598d2fc6f839294d,,
SAFARI Double Bond Distemper 5kg (PISTA),,,PCS,,,,,,,,SAFARI Double Bond Distemper 5kg (PISTA),,,,89,250.00,-22250.00,d33b0bd627b62614,,
SAFARI Double Bond Distemper 5kg (SKY BLUE),,,PCS,,,,,,,,SAFARI Double Bond Distemper 5kg (SKY BLUE),,,,27,250.00,-6750.00,bfb93736d5fe9982,,
SAFARI Double Bond Distemper 5kg (SUNRISE),,,PCS,,,,,,,,SAFARI Double Bond Distemper 5kg (SUNRISE),,,,100,250.00,-25000.00,7e9964189cf00ea4,,
SAFARI Double Bond Distemper 5kg (WHITE),,,PCS,,,,,,,,SAFARI Double Bond Distemper 5kg (WHITE),,,,84,207.92,-17464.92,edb2d927bef6f17c,,
SAFARI Double Bond Distemper 5kg (WILD LILAC),,,PCS,,,,,,,,SAFARI Double Bond Distemper 5kg (WILD LILAC),,,,1,100.00,-100.00,dcb6fa15ed5387dc,,
SAFARI Double Bond Distemper 5kg (YELLOW),,,PCS,,,,,,,,SAFARI Double Bond Distemper 5kg (YELLOW),,,,100,275.00,-27500.00,0d3f798501195710,,
SAFARI DISTEMPER POUCH,,,BOX,,,,,,,,SAFARI DISTEMPER POUCH,,,,2349,432.28,-1015419.71,10a37ea3dbfa5550,,
SAFARI Double Bond Distemper 1kg Pouch (AQUAMARINE),,,PKT,,,,,,,,SAFARI Double Bond Distemper 1kg Pouch (AQUAMARINE),,,,4220.000,27.15,-114577.43,7abadcbe59eb48f8,,
SAFARI Double Bond Distemper 1kg Pouch(BRIGHT BLUE),,,PKT,,,,,,,,SAFARI Double Bond Distemper 1kg Pouch(BRIGHT BLUE),,,,205.000,83.45,-17106.96,10e250cfe7f81697,,
SAFARI Double Bond Distemper 1kg Pouch (CANDY),,,PKT,,,,,,,,SAFARI Double Bond Distemper 1kg Pouch (CANDY),,,,1299.000,33.46,-43471.00,652e61b00d6ee6f6,,
SAFARI Double Bond Distemper 1kg Pouch (DAFFODIL),,,PKT,,,,,,,,SAFARI Double Bond Distemper 1kg Pouch (DAFFODIL),,,,2599.000,28.66,-74487.78,1734e0daf0a032b1,,
SAFARI Double Bond Distemper 1kg Pouch (D-BLUE),,,PKT,,,,,,,,SAFARI Double Bond Distemper 1kg Pouch (D-BLUE),,,,580.000,29.00,-16820.00,d1deb22b5d913532,,
SAFARI Double Bond Distemper 1kg Pouch (ELECTRIC BLUE),,,PKT,,,,,,,,SAFARI Double Bond Distemper 1kg Pouch (ELECTRIC BLUE),,,,2882.000,42.91,-123658.10,39d1241bc03cea61,,
SAFARI Double Bond Distemper 1kg Pouch (FIRE RED),,,PKT,,,,,,,,SAFARI Double Bond Distemper 1kg Pouch (FIRE RED),,,,936.000,29.22,-27347.38,5530c1e5bd1b4965,,
SAFARI Double Bond Distemper 1kg Pouch (IVARY),,,PKT,,,,,,,,SAFARI Double Bond Distemper 1kg Pouch (IVARY),,,,1675.000,28.58,-47874.98,c2379a11673c4846,,
SAFARI Double Bond Distemper 1kg Pouch (JAIPURI PINK),,,PKT,,,,,,,,SAFARI Double Bond Distemper 1kg Pouch (JAIPURI PINK),,,,8.000,35.63,-285.04,a3851456971b2c0a,,
SAFARI Double Bond Distemper 1kg Pouch (JOLLY HOLLY,,,PKT,,,,,,,,SAFARI Double Bond Distemper 1kg Pouch (JOLLY HOLLY,,,,403.000,31.88,-12847.00,784094c81bfe1afb,,
SAFARI Double Bond Distemper 1kg Pouch (LIGHT GREEN),,,PKT,,,,,,,,SAFARI Double Bond Distemper 1kg Pouch (LIGHT GREEN),,,,808.000,29.00,-23432.00,247e443abb6a7111,,
SAFARI Double Bond Distemper 1kg Pouch (LIRIL),,,PKT,,,,,,,,SAFARI Double Bond Distemper 1kg Pouch (LIRIL),,,,1353.000,41.41,-56027.95,05a433f3798893d8,,
SAFARI Double Bond Distemper 1kg Pouch (MEGENTA),,,PKT,,,,,,,,SAFARI Double Bond Distemper 1kg Pouch (MEGENTA),,,,17.000,29.00,-493.00,55295f080dcf91fd,,
SAFARI Double Bond Distemper 1kg Pouch (MERRY PINK),,,PKT,,,,,,,,SAFARI Double Bond Distemper 1kg Pouch (MERRY PINK),,,,919.000,29.94,-27516.57,db1361be4e35568a,,
SAFARI Double Bond Distemper 1kg Pouch (PALE CREAM),,,PKT,,,,,,,,SAFARI Double Bond Distemper 1kg Pouch (PALE CREAM),,,,403.000,28.38,-11437.55,b3e3aeb36464f8fc,,
SAFARI Double Bond Distemper 1kg Pouch (PALE ROSE),,,PKT,,,,,,,,SAFARI Double Bond Distemper 1kg Pouch (PALE ROSE),,,,1588.000,246.83,391959.04,3b36e9baf2850ba8,,
SAFARI Double Bond Distemper 1kg Pouch (PARROT GREEN),,,PKT,,,,,,,,SAFARI Double Bond Distemper 1kg Pouch (PARROT GREEN),,,,9260.000,29.82,-276099.57,889e9b4be1066de8,,
SAFARI Double Bond Distemper 1kg Pouch (PISTA),,,PKT,,,,,,,,SAFARI Double Bond Distemper 1kg Pouch (PISTA),,,,293.000,26.00,-7618.58,f53d6acaedf2f63b,,
SAFARI Double Bond Distemper 1kg Pouch (PURPLE),,,PKT,,,,,,,,SAFARI Double Bond Distemper 1kg Pouch (PURPLE),,,,995.000,29.00,-28855.00,e1781156d1fa332d,,
SAFARI Double Bond Distemper 1kg Pouch (SIGNAL RED),,,PKT,,,,,,,,SAFARI Double Bond Distemper 1kg Pouch (SIGNAL RED),,,,20.000,29.00,-580.00,7bc60c2e90e88caa,,
SAFARI Double Bond Distemper 1kg Pouch (SKY BLUE),,,,,,,,,,,SAFARI Double Bond Distemper 1kg Pouch (SKY BLUE),,,,,,-15360.00,61caf0a96a7cc339,TRUE,
SAFARI Double Bond Distemper 1kg Pouch (SUNRISE),,,PKT,,,,,,,,SAFARI Double Bond Distemper 1kg Pouch (SUNRISE),,,,244.000,25.38,-6193.78,359b51b3db55b4d6,,
SAFARI Double Bond Distemper 1kg Pouch (TANGO),,,PKT,,,,,,,,SAFARI Double Bond Distemper 1kg Pouch (TANGO),,,,913.000,11.68,-10666.06,26e1606c60c00a7e,,
SAFARI Double Bond Distemper 1kg Pouch (TERRACOTTA),,,PKT,,,,,,,,SAFARI Double Bond Distemper 1kg Pouch (TERRACOTTA),,,,7.000,29.00,-203.00,2ce239a19d270ccb,,
SAFARI Double Bond Distemper 1kg Pouch (WHITE),,,PKT,,,,,,,,SAFARI Double Bond Distemper 1kg Pouch (WHITE),,,,7153.000,36.60,-261777.51,d76eff1b0afaee57,,
SAFARI Double Bond Distemper 1kg Pouch (WILD LILAC),,,PKT,,,,,,,,SAFARI Double Bond Distemper 1kg Pouch (WILD LILAC),,,,5372.000,31.11,-167132.50,4c11f03bc5b6d5f1,,
SAFARI Double Bond Distemper 1kg Pouch (YELLOW),,,PKT,,,,,,,,SAFARI Double Bond Distemper 1kg Pouch (YELLOW),,,,737.000,27.01,-19910.01,184d49c2823272ad,,
SAFARI Double Bond Distemper 1kg (SUNRISE),,,PCS,,,,,,,,SAFARI Double Bond Distemper 1kg (SUNRISE),,,,600,26.00,-15600.00,a5af2eb4ce34f6d3,,
SAFARI EXT. Emulsion,,,PCS,,,,,,,,SAFARI EXT. Emulsion,,,,158,796.06,-125778.08,326296f4615022f3,,
Safari Smooth Finish Ext Eml 20Ltr(High Gloss),,,PCS,,,,,,,,Safari Smooth Finish Ext Eml 20Ltr(High Gloss),,,,3,6700.00,-20100.00,402504c173292a8b,,
SAFARI Smooth Finish Luxury Ext. Eml. 10Ltr. (Matt),,,PCS,,,,,,,,SAFARI Smooth Finish Luxury Ext. Eml. 10Ltr. (Matt),,,,7,,,bf06cfa1680de701,,
SAFARI Smooth Finish Luxury Ext. Eml. 1Ltr. (Matt),,,PCS,,,,,,,,SAFARI Smooth Finish Luxury Ext. Eml. 1Ltr. (Matt),,,,41,165.32,-6778.08,245d3e95004f3275,,
SAFARI Smooth Finish Luxury Ext. Eml. 1Ltr.(Sheen),,,PCS,,,,,,,,SAFARI Smooth Finish Luxury Ext. Eml. 1Ltr.(Sheen),,,,46,,,6e09ec680ca79179,,
SAFARI Smooth Finish Luxury Ext. Eml. 20Ltr. (Matt),,,PCS,,,,,,,,SAFARI Smooth Finish Luxury Ext. Eml. 20Ltr. (Matt),,,,7,,,9ca44ae9c95612f0,,
SAFARI Smooth Finish Luxury Ext. Eml. 20Ltr.(Sheen),,,PCS,,,,,,,,SAFARI Smooth Finish Luxury Ext. Eml. 20Ltr.(Sheen),,,,1,,,f6b770673c1413b8,,
SAFARI Smooth Finish Luxury Ext.Eml 20Ltr.(YELLOW),,,PCS,,,,,,,,SAFARI Smooth Finish Luxury Ext.Eml 20Ltr.(YELLOW),,,,4,6700.00,-26800.00,e110d59637120f90,,
SAFARI Smooth Finish Luxury Ext. Eml. 4Ltr. (Matt),,,PCS,,,,,,,,SAFARI Smooth Finish Luxury Ext. Eml. 4Ltr. (Matt),,,,7,,,6eb610a731ba6c25,,
Safari Smooth Finishy Ext Eml 10Ltr(High Gloss),,,PCS,,,,,,,,Safari Smooth Finishy Ext Eml 10Ltr(High Gloss),,,,1,3400.00,-3400.00,f43af0a074e59426,,
Safari Smoth Finish Luxury Ext Eml 10Ltr.(Yellow),,,PCS,,,,,,,,Safari Smoth Finish Luxury Ext Eml 10Ltr.(Yellow),,,,1,3400.00,-3400.00,465b7946137f320e,,
Safari SmothFinish Luxury Ext.Eml 20Ltr(SIGNAL RED),,,PCS,,,,,,,,Safari SmothFinish Luxury Ext.Eml 20Ltr(SIGNAL RED),,,,5,3400.00,-17000.00,263e42e831aca6f0,,
Safari Smoth Finish Luxury Ext.Eml 4Ltr. High Gloss,,,PCS,,,,,,,,Safari Smoth Finish Luxury Ext.Eml 4Ltr. High Gloss,,,,35,1380.00,-48300.00,ec5a2ac791398bde,,
SAFARI Int. Emulsion,,,PCS,,,,,,,,SAFARI Int. Emulsion,,,,59,389.66,-22990.00,6926bbf4281b2b18,,
Safari Smooth Finish Luxury Int. 20Ltr.(Teracotta),,,PCS,,,,,,,,Safari Smooth Finish Luxury Int. 20Ltr.(Teracotta),,,,7,1525.00,-10675.00,99acf7df4a84773f,,
SAFARI Smooth Finish Luxury Int. Eml. 1Ltr.(Sheen),,,PCS,,,,,,,,SAFARI Smooth Finish Luxury Int. Eml. 1Ltr.(Sheen),,,,37,,,39c1d27866766e69,,
SAFARI Smooth Finish Luxury Int. Eml. 20Ltr.(Sheen),,,PCS,,,,,,,,SAFARI Smooth Finish Luxury Int. Eml. 20Ltr.(Sheen),,,,1,3900.00,-3900.00,0bcb972f9f36a349,,
SAFARI Smooth Finish Luxury Int. Eml. 4Ltr. (Matt),,,PCS,,,,,,,,SAFARI Smooth Finish Luxury Int. Eml. 4Ltr. (Matt),,,,3,810.00,-2430.00,c60bf67ea2ac36fe,,
SAFARI Smooth Finish Luxury Int. Eml. 4Ltr.(Sheen),,,PCS,,,,,,,,SAFARI Smooth Finish Luxury Int. Eml. 4Ltr.(Sheen),,,,4,,,ce99e81470f24c76,,
Safari Smoth Finish Luxury Int.10Ltr.(Teracotta),,,PCS,,,,,,,,Safari Smoth Finish Luxury Int.10Ltr.(Teracotta),,,,7,855.00,-5985.00,57c01433debcc6f3,,
SAPPHIRE Ext. Emulsion,,,PCS,,,,,,,,SAPPHIRE Ext. Emulsion,,,,178,290.96,-51790.00,40a01c4f455b9d97,,
Sapphire Luxury Eml.2in1 Ext. 1 Ltr.(Sheen),,,PCS,,,,,,,,Sapphire Luxury Eml.2in1 Ext. 1 Ltr.(Sheen),,,,39,350.00,-13650.00,a864a0691aa94021,,
SAPPHIRE Super Shine  Ext. Eml. 1Ltr. (High Gloss),,,PCS,,,,,,,,SAPPHIRE Super Shine  Ext. Eml. 1Ltr. (High Gloss),,,,144,264.86,-38140.00,e2db11c778fd56a1,,
SAPPHIRE Super Shine  Ext. Eml. 20Ltr. (High Gloss),,,PCS,,,,,,,,SAPPHIRE Super Shine  Ext. Eml. 20Ltr. (High Gloss),,,,-1,,,3b17ee575bc15f56,,
SAPPHIRE Super Shine  Ext. Eml. 4Ltr. (High Gloss),,,PCS,,,,,,,,SAPPHIRE Super Shine  Ext. Eml. 4Ltr. (High Gloss),,,,-4,,,6b2c556b7611fa85,,
SAPPHIRE Int. Emulsion,,,PCS,,,,,,,,SAPPHIRE Int. Emulsion,,,,1,7680.00,-7680.00,c4c66c8dbb59a0f0,,
SAPPHIRE Super Shine  Int. Eml. 1Ltr. (High Gloss),,,,,,,,,,,SAPPHIRE Super Shine  Int. Eml. 1Ltr. (High Gloss),,,,,,-6300.00,ec7d09d8d449d52f,TRUE,
SAPPHIRE Super Shine  Int. Eml. 4Ltr. (High Gloss),,,PCS,,,,,,,,SAPPHIRE Super Shine  Int. Eml. 4Ltr. (High Gloss),,,,1,1380.00,-1380.00,e44643851cba16f9,,
Stationary Item,,,,,,,,,,,Stationary Item,,,,,,-10148.98,6cc57ed442a7f583,TRUE,
Book,,,QTY,,,,,,,,Book,,,,400.000,22.50,-9000.00,567aa255c8c40cbe,,
BOX File Paper,,,QTY,,,,,,,,BOX File Paper,,,,4.000,60.00,-240.00,baf86ff5b589cca6,,
CM REGISTER,,,PCS,,,,,,,,CM REGISTER,,,,3,160.00,-480.00,943dad81188b15da,,
Cobrafile 700,,,QTY,,,,,,,,Cobrafile 700,,,,6.000,15.00,-90.00,8d000bb5e6a881b7,,
COMPUTER STICKER AST1,,,QTY,,,,,,,,COMPUTER STICKER AST1,,,,1.000,338.98,-338.98,4f76b2adb574112f,,
WATER BASE ENAMEL,,,PCS,,,,,,,,WATER BASE ENAMEL,,,,363,409.71,-148724.38,55b51f00b649af5d,,
SAPPHIRE Floor Coat 1Ltr. (SIGNAL RED),,,PCS,,,,,,,,SAPPHIRE Floor Coat 1Ltr. (SIGNAL RED),,,,4,190.00,-760.00,5b7798609bbc52f7,,
SAPPHIRE Floor Coat 4Ltr. (SIGNAL RED),,,PCS,,,,,,,,SAPPHIRE Floor Coat 4Ltr. (SIGNAL RED),,,,2,487.50,-975.00,f9ef30c3120c9f38,,
SAPPHIRE Water Base Enamal 2in3 10Ltr.,,,PCS,,,,,,,,SAPPHIRE Water Base Enamal 2in3 10Ltr.,,,,6,1700.00,-10200.00,2c24b495c19c2f31,,
Sapphire Water Base Enamel 10 Ltr.(White),,,PCS,,,,,,,,Sapphire Water Base Enamel 10 Ltr.(White),,,,11,1700.00,-18700.00,6cb887ca9e495b5d,,
Sapphire Water Base Enamel 20 Ltr.(White),,,PCS,,,,,,,,Sapphire Water Base Enamel 20 Ltr.(White),,,,15,3220.00,-48300.00,82086200864464a8,,
Sapphire Water Base Enamel 9/10/11 10Ltr.,,,PCS,,,,,,,,Sapphire Water Base Enamel 9/10/11 10Ltr.,,,,8,1700.00,-13600.00,6e2430fac2470ce9,,
SAPPHIRE W/B Enamel 1Ltr. (BLACK),,,PCS,,,,,,,,SAPPHIRE W/B Enamel 1Ltr. (BLACK),,,,86,169.27,-14557.46,3e344ed5d27ddf31,,
SAPPHIRE W/B Enamel 1Ltr. (BLUE),,,PCS,,,,,,,,SAPPHIRE W/B Enamel 1Ltr. (BLUE),,,,14,140.00,-1960.00,7a3adae930c00297,,
SAPPHIRE W/B Enamel 1Ltr. (LIGHT GREEN),,,PCS,,,,,,,,SAPPHIRE W/B Enamel 1Ltr. (LIGHT GREEN),,,,79,190.00,-15010.00,bef4f06347cebd45,,
SAPPHIRE W/B Enamel 1Ltr. (PO. RED),,,PCS,,,,,,,,SAPPHIRE W/B Enamel 1Ltr. (PO. RED),,,,20,167.20,-3344.00,b92434d1bd4eb1db,,
SAPPHIRE W/B Enamel 1 Ltr.(SIGNAL RED),,,PCS,,,,,,,,SAPPHIRE W/B Enamel 1 Ltr.(SIGNAL RED),,,,6,190.00,-1140.00,d1433cc6f93e2a8a,,
SAPPHIRE W/B Enamel 1Ltr. (WHITE),,,PCS,,,,,,,,SAPPHIRE W/B Enamel 1Ltr. (WHITE),,,,50,190.00,-9500.00,db90968bed409f2a,,
SAPPHIRE W/B Enamel 1Ltr. (YELLOW),,,PCS,,,,,,,,SAPPHIRE W/B Enamel 1Ltr. (YELLOW),,,,62,172.22,-10677.92,b9115f9cb26a8009,,
WOOD PRIMER,,,,,,,,,,,WOOD PRIMER,,,,,,-83708.99,54ea976843e1ba6c,TRUE,
Safari Wood Primer 1 Ltr.,,,PCS,,,,,,,,Safari Wood Primer 1 Ltr.,,,,268,110.03,-29488.99,9d9d9406587efd8a,,
Safari Wood Primer 20 Ltr.,,,DRM,,,,,,,,Safari Wood Primer 20 Ltr.,,,,5,,,554c8b854fdadef6,,
Safari Wood Primer 4 Ltr.,,,PCS,,,,,,,,Safari Wood Primer 4 Ltr.,,,,14,400.00,-5600.00,c7e869c373da7b6a,,
Safari Wood Primer 500 ML.,,,PCS,,,,,,,,Safari Wood Primer 500 ML.,,,,748,65.00,-48620.00,57b18b81d31ec540,,
