stock_item_name,stock_group,stock_category,base_unit,alternate_unit,conversion_factor,gst_rate,hsn_code,item_code,barcode,brand,closing_qty,closing_rate,closing_amount,closing_amount_abs
"Card, Book, Gift And Other Items",,,PCS,,,,,,,,6212,25.01,-155382.14,155382.14
AIRTEL,,,,,,,,,,,,,-6378.36,6378.36
Bill Book,,,,,,,,,,,,,-800.00,800.00
Card,,,PCS,,,,,,,,1,460.00,-460.00,460.00
CATRIDGE,,,PCS,,,,,,,,2,635.59,-1271.18,1271.18
Envelope,,,,,,,,,,,,,-2000.00,2000.00
Flex,,,PCS,,,,,,,,50,550.00,-27500.00,27500.00
Letterpad,,,,,,,,,,,,,-1800.00,1800.00
Mug Printing,,,,,,,,,,,,,-700.00,700.00
Pad (Book),,,PCS,,,,,,,,1977,17.00,-33609.00,33609.00
Pen,,,PCS,,,,,,,,995,6.00,-5970.00,5970.00
P.S.,,,PCS,,,,,,,,4,323.81,-1295.24,1295.24
Saree,,,PCS,,,,,,,,8,442.86,-3542.88,3542.88
Shade Card,,,PCS,,,,,,,,2975,20.00,-59500.00,59500.00
Sticker,,,PCS,,,,,,,,100,6.00,-600.00,600.00
TONNER POWDER SAMSUNG,,,PCS,,,,,,,,2,254.24,-508.48,508.48
Transperent Sticker,,,,,,,,,,,,,-70.00,70.00
T- Shirt,,,PCS,,,,,,,,97,15.00,-1455.00,1455.00
UPS ZEBRONIC (FRONTECH),,,PCS,,,,,,,,1,1822.00,-1822.00,1822.00
Visiting Card,,,,,,,,,,,,,-6100.00,6100.00
EMULSION INOX SPECIAL SHADE 10 LTR / 20 LTR,,,,,,,,,,,,,-21760.00,21760.00
INOX Special Shade 10 Ltr.(SIGNAL RED),,,,,,,,,,,,,-4480.00,4480.00
INOX Special Shade 20kg (SIGNAL RED),,,PCS,,,,,,,,2,2160.00,-4320.00,4320.00
INOX Special Shade 20kg (YELLOW),,,PCS,,,,,,,,6,2160.00,-12960.00,12960.00
EMULSION SPECAIL SHADES (INOX),,,PCS,,,,,,,,6306,119.15,-751347.42,751347.42
INOX Special Shade 10Ltr.(LIME CREZY),,,PCS,,,,,,,,1,1120.00,-1120.00,1120.00
INOX Special Shade 10Ltr. (MEERY PINK),,,PCS,,,,,,,,5,1120.00,-5600.00,5600.00
INOX Special Shade 10Ltr. (NUT BROWN),,,PCS,,,,,,,,1,1120.00,-1120.00,1120.00
Inox Special Shade 10 Ltr. ( PARROT GREEN),,,PCS,,,,,,,,2,1120.00,-2240.00,2240.00
INOX Special Shade 10 Ltr. (TERRACOTTA),,,PCS,,,,,,,,2,1120.00,-2240.00,2240.00
INOX Special Shade 10Ltr. (YELLOW),,,PCS,,,,,,,,7,2720.00,-19040.00,19040.00
INOX Special Shade 1Ltr. (BLACK),,,PCS,,,,,,,,21,120.00,-2520.00,2520.00
INOX Special Shade 1Ltr. (JOLLY HOLLY),,,PCS,,,,,,,,102,125.00,-12750.00,12750.00
INOX Special Shade 1Ltr. (LM. SOUFFLE),,,PCS,,,,,,,,78,125.00,-9750.00,9750.00
INOX Special Shade 1Ltr. (MEGENTA),,,PCS,,,,,,,,4,125.00,-500.00,500.00
INOX Special Shade 1Ltr. (ORANGE),,,PCS,,,,,,,,30,125.00,-3750.00,3750.00
Inox Special Shade 1 Ltr. (ORANGE VISION),,,PCS,,,,,,,,160,125.00,-20000.00,20000.00
INOX Special Shade 1 Ltr.(OXFORD BLUE),,,PCS,,,,,,,,95,125.00,-11875.00,11875.00
Inox Special Shade 1Ltr. (PARROT GREEN),,,PCS,,,,,,,,37,120.00,-4440.00,4440.00
INOX Special Shade 1Ltr. (PINK),,,PCS,,,,,,,,2,125.00,-250.00,250.00
INOX Special Shade 1Ltr. (PURPLE),,,PCS,,,,,,,,164,225.61,-37000.00,37000.00
INOX Special Shade 1Ltr. (SIGNAL RED),,,PCS,,,,,,,,404,39.01,-15761.36,15761.36
INOX Special Shade 1Ltr. (SKY BLUE),,,PCS,,,,,,,,12,125.00,-1500.00,1500.00
INOX Special Shade 1 LTR. (SOOTHING SAPPHIRE),,,PCS,,,,,,,,91,125.00,-11375.00,11375.00
Inox Special Shade 1 Ltr. (SPORTY YELLOW),,,PCS,,,,,,,,158,125.00,-19750.00,19750.00
INOX Special Shade 1Ltr. (SUNRISE),,,PCS,,,,,,,,405,125.00,-50625.00,50625.00
INOX Special Shade 1Ltr. (TERRACOTTA),,,PCS,,,,,,,,79,479.43,-37875.00,37875.00
Inox Special Shade 1 Ltr. ( TWILIGHT ZONE),,,PCS,,,,,,,,141,125.00,-17625.00,17625.00
INOX Special Shade 1Ltr. (YELLOW),,,PCS,,,,,,,,11,125.00,-1375.00,1375.00
INOX Special Shade 4Ltr. (JOLLY HOLLY),,,PCS,,,,,,,,32,465.00,-14880.00,14880.00
INOX Special Shade 4Ltr. (NUT BROWN),,,PCS,,,,,,,,8,465.00,-3720.00,3720.00
INOX Special Shade 4Ltr. (ORANGE),,,PCS,,,,,,,,4,465.00,-1860.00,1860.00
Inox Special Shade 4 Ltr. ( PARROT GREEN),,,PCS,,,,,,,,8,465.00,-3720.00,3720.00
INOX Special Shade 4Ltr. (PINK),,,PCS,,,,,,,,1,465.00,-465.00,465.00
INOX Special Shade 4 Ltr. (SIGNAL RED),,,PCS,,,,,,,,92,566.09,-52080.00,52080.00
INOX Special Shade 4Ltr. (SUNRISE),,,PCS,,,,,,,,34,465.00,-15810.00,15810.00
INOX Special Shade 4 Ltr. (TERRACOTTA),,,PCS,,,,,,,,35,465.00,-16275.00,16275.00
INOX Special Shade 4Ltr. (WHITE),,,PCS,,,,,,,,62,465.00,-28830.00,28830.00
INOX Special Shade 4Ltr. (YELLOW),,,PCS,,,,,,,,64,465.00,-29760.00,29760.00
INOX Special Shade 500ml. (BLACK),,,PCS,,,,,,,,100,75.00,-7500.00,7500.00
INOX Special Shade 500Ml (JOLLY HOLLY),,,PCS,,,,,,,,162,87.59,-14190.00,14190.00
INOX Special Shade 500ml. (LM. SOUFFLE),,,PCS,,,,,,,,302,70.00,-21140.00,21140.00
INOX Special Shade 500ml. (MERRY PINK),,,PCS,,,,,,,,204,70.00,-14280.00,14280.00
INOX Special Shade 500 ML. (OXFORD BLUE),,,PCS,,,,,,,,48,75.00,-3600.00,3600.00
INOX Special Shade 500ml. (PARROT GREEN),,,PCS,,,,,,,,180,70.00,-12600.00,12600.00
INOX Special Shade 500ml. (PURPLE),,,PCS,,,,,,,,240,78.75,-18900.00,18900.00
INOX Special Shade 500ml. (SIGNAL RED),,,PCS,,,,,,,,1393,76.29,-106275.00,106275.00
INOX Special Shade 500ml. (SOOTHING SAPPHIRE),,,PCS,,,,,,,,48,87.50,-4200.00,4200.00
INOX Special Shade 500ml. (SUNRISE),,,PCS,,,,,,,,593,78.16,-46350.00,46350.00
INOX Special Shade 500ml. (TERRACOTTA),,,PCS,,,,,,,,596,61.88,-36881.06,36881.06
INOX Special Shade 500ml. (YELLOW),,,PCS,,,,,,,,88,90.34,-7950.00,7950.00
EMULSION SPECAIL SHADES (SAFARI),,,PCS,,,,,,,,5711,150.95,-862092.99,862092.99
SAFARI Special Shade 1Ltr. (JOLLY HOLLY),,,PCS,,,,,,,,142,144.55,-20525.45,20525.45
Safari Special Shade 1Ltr. ( LEMON SHOUFFLE),,,PCS,,,,,,,,117,155.00,-18135.00,18135.00
SAFARI Special Shade 1Ltr. (PINK),,,PCS,,,,,,,,150,161.20,-24180.00,24180.00
Safari Special Shade 1 LTR. (PURPLE),,,PCS,,,,,,,,108,165.00,-17820.00,17820.00
SAFARI Special Shade 1Ltr. (SIGNAL RED),,,PCS,,,,,,,,811,165.14,-133930.58,133930.58
SAFARI Special Shade 1Ltr. (SOOTHING SAPPHIRE),,,PCS,,,,,,,,150,164.12,-24617.65,24617.65
SAFARI Special Shade 1Ltr. (SUNRISE),,,PCS,,,,,,,,499,168.87,-84268.50,84268.50
SAFARI Special Shade 1Ltr. (TERRACOTTA),,,PCS,,,,,,,,337,159.88,-53879.80,53879.80
SAFARI Special Shade 1 Ltr. (WHITE),,,PCS,,,,,,,,18,155.00,-2790.00,2790.00
SAFARI Special Shade 1Ltr. (YELLOW),,,PCS,,,,,,,,206,174.08,-35861.01,35861.01
SAFARI Special Shade 4Ltr. (JOLLY HOLLY),,,PCS,,,,,,,,64,608.00,-38912.00,38912.00
Safari Special Shade 4Ltr. ( LEMON SHOUFFLE),,,PCS,,,,,,,,25,608.00,-15200.00,15200.00
Safari Special Shade 4Ltr. ( OXFORD BLUE),,,PCS,,,,,,,,13,608.00,-7904.00,7904.00
Safari Special Shade 4Ltr. ( SIGNAL RED),,,PCS,,,,,,,,2,648.00,-1296.00,1296.00
Safari Special Shade 4Ltr. (SOOTHING SAPPHIRE),,,PCS,,,,,,,,63,608.00,-38304.00,38304.00
SAFARI Special Shade 4LTR. ( SUNRISE),,,PCS,,,,,,,,10,648.00,-6480.00,6480.00
SAFARI Special Shade 4Ltr. (TERRACOTTA),,,PCS,,,,,,,,31,648.00,-20088.00,20088.00
SAFARI Special Shade 4Ltr. (WHITE),,,PCS,,,,,,,,6,608.00,-3648.00,3648.00
Safari Special Shade 4Ltr. ( YELLOW),,,PCS,,,,,,,,16,648.00,-10368.00,10368.00
Safari Special Shade 500 ML. (JOLLY HOLLY),,,PCS,,,,,,,,60,95.00,-5700.00,5700.00
Safari Special Shade 500 ML. (OXFORD BLUE),,,PCS,,,,,,,,252,90.00,-22680.00,22680.00
Safari Special Shade 500 ML. (PURPLE),,,PCS,,,,,,,,79,95.00,-7505.00,7505.00
Safari Special Shade 500 ML. (SIGNAL RED),,,PCS,,,,,,,,578,95.00,-54910.00,54910.00
Safari Special Shade 500 ML. (SOOTHING BLUE),,,PCS,,,,,,,,144,90.00,-12960.00,12960.00
Safari Special Shade 500 ML. (SUNRISE),,,PCS,,,,,,,,528,95.00,-50160.00,50160.00
Safari Special Shade 500 ML. (TERRACOTTA),,,PCS,,,,,,,,648,95.00,-61560.00,61560.00
Safari Special Shade 500 ML. (YELLOW),,,PCS,,,,,,,,216,95.00,-20520.00,20520.00
Safari Special Shase 1Ltr. ( OXFORD BLUE),,,PCS,,,,,,,,438,155.00,-67890.00,67890.00
INOX DISTEMPER BUCKET,,,PCS,,,,,,,,458,341.08,-156214.00,156214.00
INOX Acrylic Distemper 10kg (AQUAMARINE),,,PCS,,,,,,,,30,390.00,-11700.00,11700.00
INOX Acrylic Distemper 10kg (JAIPURIA PINK),,,BKT,,,,,,,,26,235.00,-6110.00,6110.00
INOX Acrylic Distemper 10kg (LIGHT GREEN),,,PCS,,,,,,,,22,235.00,-5170.00,5170.00
INOX Acrylic Distemper 10kg (LIRIL),,,PCS,,,,,,,,1,390.00,-390.00,390.00
INOX Acrylic Distemper 10kg (PALE ROSE),,,PCS,,,,,,,,4,235.00,-940.00,940.00
INOX Acrylic Distemper 10kg (PARROT GREEN),,,PCS,,,,,,,,20,390.00,-7800.00,7800.00
INOX Acrylic Distemper 10kg (SUNRISE),,,PCS,,,,,,,,6,415.00,-2490.00,2490.00
INOX Acrylic Distemper 20kg (AQUAMARINE),,,PCS,,,,,,,,6,680.00,-4080.00,4080.00
INOX Acrylic Distemper 20kg (DAFFODIL),,,PCS,,,,,,,,10,680.00,-6800.00,6800.00
INOX Acrylic Distemper 20kg (LIGHT GREEN),,,PCS,,,,,,,,1,680.00,-680.00,680.00
INOX Acrylic Distemper 20kg (LIRIL),,,PCS,,,,,,,,4,680.00,-2720.00,2720.00
INOX Acrylic Distemper 20kg (PALE ROSE),,,PCS,,,,,,,,20,608.00,-12160.00,12160.00
INOX Acrylic Distemper 20kg (PARROT GREEN),,,PCS,,,,,,,,21,608.00,-12768.00,12768.00
INOX Acrylic Distemper 20kg (SUNRISE),,,PCS,,,,,,,,4,720.00,-2880.00,2880.00
INOX Acrylic Distemper 20kg (WHITE),,,PCS,,,,,,,,37,608.00,-22496.00,22496.00
INOX Acrylic Distemper 5kg (AQUAMARINE),,,PCS,,,,,,,,1,225.00,-225.00,225.00
INOX Acrylic Distemper 5kg (LIRIL),,,PCS,,,,,,,,43,235.00,-10105.00,10105.00
INOX Acrylic Distemper 5kg (MERRY PINK),,,PCS,,,,,,,,70,225.00,-15750.00,15750.00
INOX Acrylic Distemper 5kg (PALE CREAM),,,PCS,,,,,,,,2,225.00,-450.00,450.00
INOX Acrylic Distemper 5kg (PALE ROSE),,,PCS,,,,,,,,4,225.00,-900.00,900.00
INOX Acrylic Distemper 5kg (PARROT GREEN),,,PCS,,,,,,,,63,235.00,-14805.00,14805.00
INOX Acrylic Distemper 5kg (SUNRISE),,,PCS,,,,,,,,43,235.00,-10105.00,10105.00
INOX Acrylic Distemper 5kg (WHITE),,,PCS,,,,,,,,1,225.00,-225.00,225.00
INOX Acrylic Distemper 5kg (YELLOW),,,PCS,,,,,,,,19,235.00,-4465.00,4465.00
INOX DISTEMPER POUCH,,,PKT,,,,,,,,23772.000,25.69,-610625.00,610625.00
INOX Acrylic Distemper 1kg (CANDY),,,PKT,,,,,,,,280.000,27.00,-7560.00,7560.00
INOX Acrylic Distemper 1kg (DAFFODIL),,,PKT,,,,,,,,3275.000,27.00,-88425.00,88425.00
INOX Acrylic Distemper 1kg (ELECTRIC BLUE),,,PKT,,,,,,,,4432.000,27.00,-119664.00,119664.00
INOX Acrylic Distemper 1kg (LIGHT GREEN),,,PKT,,,,,,,,900.000,27.00,-24300.00,24300.00
INOX Acrylic Distemper 1kg (LIRIL),,,PKT,,,,,,,,460.000,27.00,-12420.00,12420.00
INOX Acrylic Distemper 1kg (MERRY PINK),,,PKT,,,,,,,,160.000,27.00,-4320.00,4320.00
INOX Acrylic Distemper 1kg (PALE CREAM),,,PKT,,,,,,,,1320.000,27.00,-35640.00,35640.00
INOX Acrylic Distemper 1kg Pouch (AQUAMARINE),,,PKT,,,,,,,,3852.000,27.00,-104004.00,104004.00
INOX Acrylic Distemper 1kg Pouch (FIRE RED),,,PKT,,,,,,,,543.000,27.00,-14661.00,14661.00
INOX Acrylic Distemper 1kg Pouch (JAIPURI PINK),,,PKT,,,,,,,,319.000,27.00,-8613.00,8613.00
INOX Acrylic Distemper 1kg Pouch (PALE ROSE),,,PKT,,,,,,,,2938.000,23.09,-67851.00,67851.00
INOX Acrylic Distemper 1kg Pouch (PARROT GREEN),,,PKT,,,,,,,,3228.000,23.00,-74243.00,74243.00
INOX Acrylic Distemper 1kg Pouch (WHITE),,,PKT,,,,,,,,341.000,6.97,-2376.00,2376.00
INOX Acrylic Distemper 1kg (PURPLE),,,PKT,,,,,,,,480.000,27.00,-12960.00,12960.00
INOX Acrylic Distemper 1kg (SUNRISE),,,PKT,,,,,,,,414.000,27.00,-11178.00,11178.00
INOX Acrylic Distemper 1kg (WILD LILAC),,,PKT,,,,,,,,310.000,27.00,-8370.00,8370.00
INOX Acrylic Distemper 1kg (YELLOW),,,PKT,,,,,,,,107.000,27.00,-2889.00,2889.00
INOX Acrylic Distemper Pouch 1kg  (JOLLY HOLLY),,,PKT,,,,,,,,413.000,27.00,-11151.00,11151.00
INOX Ext. Emulsion,,,PCS,,,,,,,,1475,218.36,-322077.93,322077.93
INOX Matte Finish Ext.Eml 500ML.,,,PCS,,,,,,,,997,75.64,-75411.00,75411.00
INOX Matt Finish Ext. Eml. 10 Ltr.,,,PCS,,,,,,,,72,920.82,-66299.36,66299.36
INOX Matt Finish Ext. Eml. 1Ltr.,,,PCS,,,,,,,,212,230.22,-48806.78,48806.78
INOX Matt Finish Ext. Eml. 20Ltr.,,,PCS,,,,,,,,15,1991.25,-29868.75,29868.75
INOX Matt Finish Ext. Eml. 4Ltr.,,,PCS,,,,,,,,160,338.70,-54192.04,54192.04
Inox Water Base Enamel Ext.2/3 10Ltr.,,,PCS,,,,,,,,9,1700.00,-15300.00,15300.00
Inox Water Base Enamel Ext. 2/3 20Ltr.,,,PCS,,,,,,,,10,3220.00,-32200.00,32200.00
INOX FLOOR COAT,,,,,,,,,,,,,-3640.00,3640.00
INOX Floor Coat 1Ltr. (SIGNAL RED),,,PCS,,,,,,,,14,260.00,-3640.00,3640.00
INOX Int. Emulsion,,,PCS,,,,,,,,160,1668.80,-267008.40,267008.40
INOX Matt Finish Int. Eml. 10Ltr.,,,PCS,,,,,,,,47,929.72,-43696.91,43696.91
INOX Matt Finish Int. Eml. 1Ltr.,,,PCS,,,,,,,,84,2012.05,-169012.11,169012.11
INOX Matt Finish Int. Eml. 20Ltr.,,,PCS,,,,,,,,28,1841.32,-51556.88,51556.88
INOX Matt Finish Int. Eml. 4Ltr.,,,PCS,,,,,,,,1,2742.50,-2742.50,2742.50
PAINT OIL,,,,,,,,,,,,,-87296.00,87296.00
PAINT OIL 200 ML.,,,PCS,,,,,,,,225,20.00,-4500.00,4500.00
PAINT OIL 20 LTR.,,,,,,,,,,,,,-30720.00,30720.00
Paint Oil 450 ML.,,,PCS,,,,,,,,840,42.00,-35280.00,35280.00
PAINT OIL 800 ML,,,PCS,,,,,,,,247,68.00,-16796.00,16796.00
PRIMER (EXT. & INT.),,,PCS,,,,,,,,1228,148.30,-182111.77,182111.77
INOX Water Primer 10Ltr.,,,PCS,,,,,,,,41,421.40,-17277.21,17277.21
INOX Water Primer 1Ltr.,,,PCS,,,,,,,,114,108.61,-12381.92,12381.92
INOX Water Primer 20Ltr.,,,PCS,,,,,,,,11,1238.09,-13619.00,13619.00
INOX Water Primer 4Ltr.,,,PCS,,,,,,,,123,347.25,-42712.12,42712.12
SAFARI METAL PRIMER 20 Ltr.,,,DRM,,,,,,,,17,,,
SAFARI Red Oxide Matt (G2) 1Ltr.,,,PCS,,,,,,,,71,142.86,-10142.86,10142.86
SAFARI Red Oxide Matt (G2) 20Ltr.,,,PCS,,,,,,,,6,,,
SAFARI Red Oxide Matt (G2) 4Ltr.,,,PCS,,,,,,,,4,480.00,-1920.00,1920.00
SAFARI Red Oxide Matt (G2) 500ml.,,,PCS,,,,,,,,85,44.47,-3779.64,3779.64
SAFARI Red Oxide Matt (G3) 1Ltr.,,,PCS,,,,,,,,371,42.17,-15645.00,15645.00
SAFARI Red Oxide Matt (G3) 4Ltr.,,,PCS,,,,,,,,51,90.09,-4594.59,4594.59
SAFARI Red Oxide Matt (G3) 500Ml.,,,PCS,,,,,,,,152,187.73,-28534.99,28534.99
SAFARI Smooth Finish Water Primer 10Ltr.,,,PCS,,,,,,,,15,658.00,-9870.00,9870.00
SAFARI Smooth Finish Water Primer 1Ltr.,,,PCS,,,,,,,,160,97.13,-15540.00,15540.00
SAFARI Smooth Finish Water Primer 20Ltr.,,,PCS,,,,,,,,5,1088.89,-5444.44,5444.44
SAFARI Smooth Finish Water Primer 4Ltr.,,,PCS,,,,,,,,2,325.00,-650.00,650.00
RAW MATERIAL,,,,,,,,,,,,,-6141278.18,6141278.18
10 KG Bucket With LID,,,PCS,,,,,,,,1280,70.00,-89600.00,89600.00
1 Ltr. (TIn),,,PCS,,,,,,,,3818,22.00,-83996.00,83996.00
20 KG Bucket with LID,,,PCS,,,,,,,,206,120.00,-24720.00,24720.00
4 Ltr. (TIn),,,PCS,,,,,,,,592,56.00,-33152.00,33152.00
500 Ml. (TIn),,,PCS,,,,,,,,5108,16.00,-81728.00,81728.00
5 KG BUCKET WITH LID,,,PCS,,,,,,,,2344,38.44,-90114.99,90114.99
Alfox 200,,,KG,,,,,,,,37.020,253.14,-9371.24,9371.24
Aluminium Stearate,,,KG,,,,,,,,25.000,130.00,-3250.00,3250.00
Amonia,,,KG,,,,,,,,16.900,,,
Barrels (18%),,,PCS,,,,,,,,5,670.00,-3350.00,3350.00
Blue Drum 100 Ltr.,,,DRM,,,,,,,,-4,,,
Blue Drum 50 Ltr.,,,PCS,,,,,,,,-2,,,
"Bowl Set 20""",,,PCS,,,,,,,,1,1199.90,-1199.90,1199.90
Bucket with LID -10 LTR,,,PCS,,,,,,,,366,88.50,-32391.00,32391.00
BUCKET with LID- 1 LTR,,,PCS,,,,,,,,10470,15.43,-161537.76,161537.76
BUCKET with LID-20 LTR,,,LTR,,,,,,,,150.000,160.00,-24000.00,24000.00
BUCKET with LID-4 LTR,,,PCS,,,,,,,,1835,38.20,-70097.00,70097.00
Bucket with Lid- 500Ml.,,,PCS,,,,,,,,12373,11.84,-146487.78,146487.78
Cartoon (1 Ltr. x 6 Pcs),,,PCS,,,,,,,,2031,9.50,-19294.50,19294.50
Cartoon (4 Ltr. x 4 Pcs),,,PCS,,,,,,,,498,30.00,-14940.00,14940.00
Cartoon (500 Ml. x 12 Pcs),,,PCS,,,,,,,,2002,10.20,-20420.40,20420.40
Cartoon (5 Kg. x 4 Pcs),,,PCS,,,,,,,,499,31.00,-15469.00,15469.00
Cartoon Distemper (Pouch),,,BOX,,,,,,,,2777,38.16,-105959.85,105959.85
Cartoon Distemper (Pouch) NEW BHARAT PAINTS,,,PCS,,,,,,,,510,25.00,-12750.00,12750.00
Cartoon Tape (4),,,PCS,,,,,,,,63,486.50,-30649.62,30649.62
Cartoon Tape (6),,,PCS,,,,,,,,72,57.79,-4161.01,4161.01
Caustic Soda,,,KG,,,,,,,,105.400,50.00,-5270.00,5270.00
Caustic Soda Flakes,,,KG,,,,,,,,300.000,54.00,-16200.00,16200.00
Cellulose Ether (Hecellose) SBHV (25KGS),,,KG,,,,,,,,75.000,610.00,-45750.00,45750.00
CEPS,,,PCS,,,,,,,,445,3.00,-1335.00,1335.00
Chain Pulley Block 1 Ton (K- Power),,,PCS,,,,,,,,1,4150.00,-4150.00,4150.00
Chemnol 5013,,,KG,,,,,,,,195.000,165.00,-32175.00,32175.00
CHINA CLAY (MT),,,KG,,,,,,,,13940.000,13.20,-183964.93,183964.93
Clarolite Voilet 91 (R),,,KG,,,,,,,,20.000,570.00,-11400.00,11400.00
CMC YBOON,,,KG,,,,,,,,133.800,336.67,-45046.00,45046.00
Drier Combination 25,,,KG,,,,,,,,75.000,196.67,-14750.00,14750.00
ELECTRICALS PRODUCT,,,QTY,,,,,,,,1.000,900.00,-900.00,900.00
EMDICRYL 2495 (240Kg),,,KG,,,,,,,,720.000,78.00,-56160.00,56160.00
EMDILITH DP 09 (250KG),,,KG,,,,,,,,250.000,115.00,-28750.00,28750.00
Eurocryl 4020 (235kgs),,,KG,,,,,,,,1645.000,98.00,-161210.00,161210.00
Eurocryl 7001 (235 Kgs),,,KG,,,,,,,,2115.000,71.00,-150165.00,150165.00
GLOVES EXMINATION M,,,QTY,,,,,,,,20.000,165.18,-3303.60,3303.60
HP 2590,,,PCS,,,,,,,,1,3644.07,-3644.07,3644.07
Indofil AT 140 245 KGS,,,KG,,,,,,,,245.000,112.00,-27440.00,27440.00
Industrial Solvent (Ltr),,,LTR,,,,,,,,800.000,63.50,-50800.00,50800.00
INNER PLUG,,,PCS,,,,,,,,500,6.00,-3000.00,3000.00
INOX 20LTR,,,BKT,,,,,,,,3,33466.67,-100400.00,100400.00
INOX DISTEMPER 20 KG BUCKETWITH LID,,,PCS,,,,,,,,210,120.00,-25200.00,25200.00
INOX DISTEMPER BUCKET 10 KG WITH LID,,,PCS,,,,,,,,152,70.00,-10640.00,10640.00
INOX DISTEMPER BUCKET 5KG WITH LID,,,PCS,,,,,,,,329,40.00,-13160.00,13160.00
JJ-2431 (50%),,,KG,,,,,,,,440.000,75.00,-33000.00,33000.00
JJ FOAM 7010 DEFOAMER (45KG),,,KG,,,,,,,,225.000,202.00,-45450.00,45450.00
Job Advertising Ad,,,QTY,,,,,,,,1.000,2200.00,-2200.00,2200.00
LD/HM/PP Bags and Roll Kg,,,KG,,,,,,,,367.774,120.36,-44264.64,44264.64
LIBO OIL AND & SE PAINT 2719,,,KG,,,,,,,,-100.000,,,
Liquor Ammonia,,,KG,,,,,,,,387.700,45.04,-17460.20,17460.20
Maize Starch Bag,,,BAG,,,,,,,,80,370.54,-29642.80,29642.80
Marble Powder 9500,,,KG,,,,,,,,34992.000,4.54,-158854.58,158854.58
Marble Powder 9900,,,KG,,,,,,,,32513.000,5.32,-172899.91,172899.91
MEG,,,KG,,,,,,,,230.300,74.16,-17077.98,17077.98
Metazolone FM,,,KG,,,,,,,,200.000,61.25,-12250.00,12250.00
Mineral Powder (25kg),,,KG,,,,,,,,3000.000,10.92,-32749.98,32749.98
MINERAL (TURKEY) 25KG,,,KG,,,,,,,,2000.000,9.75,-19500.00,19500.00
Minifine Blue 1611,,,KG,,,,,,,,42.300,318.00,-13451.40,13451.40
Minifine Green BT,,,KG,,,,,,,,172.800,370.00,-63936.00,63936.00
Minifine Red 1551 (Interior),,,KG,,,,,,,,50.000,406.00,-20300.00,20300.00
Minifine Signal Red 48,,,KG,,,,,,,,191.950,408.00,-78315.60,78315.60
Minifine Signal Red Special,,,KG,,,,,,,,110.000,549.64,-60460.00,60460.00
Minifine Traffic Yellow 4583,,,KG,,,,,,,,100.000,258.00,-25800.00,25800.00
Minifine Yellow 1574,,,KG,,,,,,,,477.000,215.55,-102816.09,102816.09
Minifine Yellow Green 1621,,,KG,,,,,,,,230.000,310.78,-71480.00,71480.00
NATROSOL 250 HHBR (HEC),,,KG,,,,,,,,50.000,670.00,-33500.00,33500.00
NDW,,,KG,,,,,,,,28.100,,,
Orton 731,,,KG,,,,,,,,24.580,151.50,-3723.87,3723.87
PAINT OIL,,,KG,,,,,,,,1250.000,80.64,-100797.20,100797.20
Paint Oils,,,LTR,,,,,,,,2000.000,50.42,-100847.46,100847.46
Pig.Paste Black,,,KG,,,,,,,,50.000,115.00,-5750.00,5750.00
Pig.Paste Green B,,,KG,,,,,,,,285.500,325.00,-92787.50,92787.50
Pig.Paste Pink,,,KG,,,,,,,,50.000,625.00,-31250.00,31250.00
Pig Paste Red 551,,,KG,,,,,,,,200.000,395.00,-79000.00,79000.00
Pig Paste Red Violet-Rosella,,,KG,,,,,,,,100.000,425.00,-42500.00,42500.00
Pig.Paste Royal Blue,,,KG,,,,,,,,300.000,290.00,-87000.00,87000.00
Pig.Paste Signal Red,,,KG,,,,,,,,250.000,365.00,-91250.00,91250.00
Pig Paste Special Signal Red,,,KG,,,,,,,,100.000,435.00,-43500.00,43500.00
Pigpaste Traffic Yellow,,,KG,,,,,,,,150.000,250.00,-37500.00,37500.00
Pig.Paste Violet,,,KG,,,,,,,,50.000,525.00,-26250.00,26250.00
Pigpaste Yellow-74,,,KG,,,,,,,,100.000,210.00,-21000.00,21000.00
Pig.Paste Yellow Green,,,KG,,,,,,,,150.000,330.00,-49500.00,49500.00
Pinoil,,,KG,,,,,,,,12.600,163.46,-2059.60,2059.60
Plastic Bucket Paint 10kg (Safari Distemper),,,PCS,,,,,,,,441,80.00,-35280.00,35280.00
Plastic Bucket Paint 10Ltr. (Safari Lux.),,,PCS,,,,,,,,1078,95.00,-102410.00,102410.00
Plastic Bucket Paint 1kg (Safari Distemper),,,PCS,,,,,,,,1158,12.00,-13896.00,13896.00
Plastic Bucket Paint 1Ltr. (Safari Lux.),,,PCS,,,,,,,,5385,15.00,-80775.00,80775.00
Plastic Bucket Paint 20kg (Safari Distemper),,,PCS,,,,,,,,452,121.00,-54692.00,54692.00
Plastic Bucket Paint 20Ltr. (Safari Lux.),,,PCS,,,,,,,,928,143.00,-132704.00,132704.00
Plastic Bucket Paint 4Ltr. (Safari Lux.),,,PCS,,,,,,,,2344,42.00,-98448.00,98448.00
Plastic Bucket Paint 5kg (Safari Distemper),,,PCS,,,,,,,,894,40.00,-35760.00,35760.00
Plastic Bucket Squire 10kg (Sapphire),,,PCS,,,,,,,,100,74.00,-7400.00,7400.00
Plastic Bucket Squire 20kg (Sapphire),,,PCS,,,,,,,,100,130.00,-13000.00,13000.00
Preventol D- 6 Gf,,,KG,,,,,,,,630.250,65.86,-41508.98,41508.98
Primal AC-261S Acrylic Emulsion,,,KG,,,,,,,,1645.000,108.29,-178129.98,178129.98
Printed Flexible Laminated (INOX),,,KG,,,,,,,,395.000,207.63,-82013.85,82013.85
Printed Flexible Laminated (Safari Pouch),,,KG,,,,,,,,949.600,208.69,-198170.64,198170.64
Red-3 1551,,,KG,,,,,,,,5.000,,,
Resin Mix Industrial Solvent,,,LTR,,,,,,,,216.000,61.00,-13176.00,13176.00
Soapstone Powder (50kg),,,KG,,,,,,,,2000.000,14.00,-28000.00,28000.00
Sodium Carboxymethyl Cellulose Cmc) 25kgs Eagle),,,KG,,,,,,,,175.000,301.43,-52750.00,52750.00
Starch Powder,,,KG,,,,,,,,1440.000,42.40,-61056.00,61056.00
Styrene Acrylic Emulsion,,,KG,,,,,,,,1888.000,78.23,-147702.96,147702.96
SUN A 0009A 640,,,KG,,,,,,,,220.000,176.00,-38720.00,38720.00
Syn. Iron Oxide Pigment - Red,,,KG,,,,,,,,1825.000,108.11,-197291.64,197291.64
Syn. Iron Oxide Pigment - Yellow,,,KG,,,,,,,,25.000,110.00,-2750.00,2750.00
Synthatic CNSL Resins,,,KG,,,,,,,,2010.000,63.82,-128280.57,128280.57
Synthtic Alkyed Resins,,,KG,,,,,,,,400.000,117.00,-46800.00,46800.00
Tally Prime,,,QTY,,,,,,,,1.000,8100.00,-8100.00,8100.00
Titanium Dioxide-32061110,,,KG,,,,,,,,1155.000,263.10,-303884.10,303884.10
TULSI CHINA-052,,,KG,,,,,,,,5000.000,10.00,-50000.00,50000.00
TULSI CHINA-053,,,KG,,,,,,,,5000.000,9.00,-45000.00,45000.00
SAFARI DISTEMPER BUCKET,,,PCS,,,,,,,,1371,361.81,-496047.03,496047.03
SAFARI Double Bond Distemper 10kg (AQUAMARINE),,,PCS,,,,,,,,67,113.21,-7585.33,7585.33
SAFARI Double Bond Distemper 10kg (CANDY),,,PCS,,,,,,,,11,450.00,-4950.00,4950.00
SAFARI Double Bond Distemper 10kg (DAFFODIL),,,PCS,,,,,,,,30,507.71,-15231.36,15231.36
SAFARI Double Bond Distemper 10kg (ELECTRIC BLUE),,,PCS,,,,,,,,18,268.03,-4824.62,4824.62
SAFARI Double Bond Distemper 10kg (JAIPURIYA PINK),,,PCS,,,,,,,,5,720.00,-3600.00,3600.00
SAFARI Double Bond Distemper 10kg (JOLLY HOLLY),,,PCS,,,,,,,,3,450.00,-1350.00,1350.00
SAFARI Double Bond Distemper 10kg (LIGHT GREEN),,,PCS,,,,,,,,26,250.00,-6500.00,6500.00
SAFARI Double Bond Distemper 10kg (LIRIL),,,,,,,,,,,,,-40.00,40.00
SAFARI Double Bond Distemper 10kg (MEGENTA),,,PCS,,,,,,,,2,475.00,-950.00,950.00
SAFARI Double Bond Distemper 10kg (MERRY PINK),,,PCS,,,,,,,,6,450.00,-2700.00,2700.00
SAFARI Double Bond Distemper 10kg (PALE CREAM),,,PCS,,,,,,,,10,450.00,-4500.00,4500.00
SAFARI Double Bond Distemper 10kg (PALE ROSE),,,PCS,,,,,,,,15,359.33,-5390.00,5390.00
SAFARI Double Bond Distemper 10kg (PARROT GREEN),,,PCS,,,,,,,,16,206.25,-3300.00,3300.00
SAFARI Double Bond Distemper 10kg (PISTA),,,PCS,,,,,,,,27,450.00,-12150.00,12150.00
SAFARI Double Bond Distemper 10kg (SKY BLUE),,,PCS,,,,,,,,12,450.00,-5400.00,5400.00
SAFARI Double Bond Distemper 10kg (SUNRISE),,,PCS,,,,,,,,27,450.00,-12150.00,12150.00
SAFARI Double Bond Distemper 10kg (WHITE),,,PCS,,,,,,,,20,500.00,-10000.00,10000.00
SAFARI Double Bond Distemper 10kg (YELLOW),,,PCS,,,,,,,,18,475.00,-8550.00,8550.00
SAFARI Double Bond Distemper 20kg (AQUAMARINE),,,PCS,,,,,,,,38,682.92,-25951.08,25951.08
SAFARI Double Bond Distemper 20kg (CANDY),,,PCS,,,,,,,,5,740.00,-3700.00,3700.00
SAFARI Double Bond Distemper 20kg (DAFFODIL),,,PCS,,,,,,,,39,834.87,-32560.00,32560.00
SAFARI Double Bond Distemper 20kg (ELECTRIC BLUE),,,PCS,,,,,,,,6,916.67,-5500.00,5500.00
SAFARI Double Bond Distemper 20kg (JAIPURIYA PINK),,,PCS,,,,,,,,5,740.00,-3700.00,3700.00
SAFARI Double Bond Distemper 20kg (JOLLY HOLLY),,,PCS,,,,,,,,3,740.00,-2220.00,2220.00
SAFARI Double Bond Distemper 20kg (LIGHT GREEN),,,PCS,,,,,,,,6,740.00,-4440.00,4440.00
SAFARI Double Bond Distemper 20kg (MERRY PINK),,,PCS,,,,,,,,17,740.00,-12580.00,12580.00
SAFARI Double Bond Distemper 20kg (PALE CREAM),,,PCS,,,,,,,,11,740.00,-8140.00,8140.00
SAFARI Double Bond Distemper 20kg (PALE ROSE),,,PCS,,,,,,,,19,778.95,-14800.00,14800.00
SAFARI Double Bond Distemper 20kg (PARROT GREEN),,,PCS,,,,,,,,14,740.00,-10360.00,10360.00
SAFARI Double Bond Distemper 20kg (SKY BLUE),,,PCS,,,,,,,,1,740.00,-740.00,740.00
SAFARI Double Bond Distemper 20kg (SUNRISE),,,PCS,,,,,,,,30,732.00,-21960.00,21960.00
SAFARI Double Bond Distemper 20kg (WHITE),,,PCS,,,,,,,,21,809.76,-17004.91,17004.91
SAFARI Double Bond Distemper 20kg (WILD LILAC),,,PCS,,,,,,,,5,740.00,-3700.00,3700.00
SAFARI Double Bond Distemper 5kg (AQUAMARINE),,,PCS,,,,,,,,1,254.57,-254.57,254.57
SAFARI Double Bond Distemper 5kg (CANDY),,,PCS,,,,,,,,16,250.00,-4000.00,4000.00
SAFARI Double Bond Distemper 5kg (DAFFODIL),,,PCS,,,,,,,,52,252.23,-13115.82,13115.82
SAFARI Double Bond Distemper 5kg (ELECTRIC BLUE),,,PCS,,,,,,,,25,370.00,-9250.00,9250.00
SAFARI Double Bond Distemper 5kg (JAIPURIYA PINK),,,PCS,,,,,,,,32,312.50,-10000.00,10000.00
SAFARI Double Bond Distemper 5kg (JOLLY HOLLY),,,PCS,,,,,,,,18,275.00,-4950.00,4950.00
SAFARI Double Bond Distemper 5kg (LIGHT GREEN),,,PCS,,,,,,,,67,250.00,-16750.00,16750.00
SAFARI Double Bond Distemper 5kg (LIRIL),,,PCS,,,,,,,,12,216.13,-2593.55,2593.55
SAFARI Double Bond Distemper 5kg (MEGENTA),,,PCS,,,,,,,,28,285.71,-8000.00,8000.00
SAFARI Double Bond Distemper 5kg (MERRY PINK),,,PCS,,,,,,,,31,250.00,-7750.00,7750.00
SAFARI Double Bond Distemper 5kg (PALE CREAM),,,PCS,,,,,,,,40,250.00,-10000.00,10000.00
SAFARI Double Bond Distemper 5kg (PALE ROSE),,,PCS,,,,,,,,73,327.26,-23889.76,23889.76
SAFARI Double Bond Distemper 5kg (PARROT GREEN),,,PCS,,,,,,,,42,235.74,-9901.11,9901.11
SAFARI Double Bond Distemper 5kg (PISTA),,,PCS,,,,,,,,89,250.00,-22250.00,22250.00
SAFARI Double Bond Distemper 5kg (SKY BLUE),,,PCS,,,,,,,,27,250.00,-6750.00,6750.00
SAFARI Double Bond Distemper 5kg (SUNRISE),,,PCS,,,,,,,,100,250.00,-25000.00,25000.00
SAFARI Double Bond Distemper 5kg (WHITE),,,PCS,,,,,,,,84,207.92,-17464.92,17464.92
SAFARI Double Bond Distemper 5kg (WILD LILAC),,,PCS,,,,,,,,1,100.00,-100.00,100.00
SAFARI Double Bond Distemper 5kg (YELLOW),,,PCS,,,,,,,,100,275.00,-27500.00,27500.00
SAFARI DISTEMPER POUCH,,,BOX,,,,,,,,2349,432.28,-1015419.71,1015419.71
SAFARI Double Bond Distemper 1kg Pouch (AQUAMARINE),,,PKT,,,,,,,,4220.000,27.15,-114577.43,114577.43
SAFARI Double Bond Distemper 1kg Pouch(BRIGHT BLUE),,,PKT,,,,,,,,205.000,83.45,-17106.96,17106.96
SAFARI Double Bond Distemper 1kg Pouch (CANDY),,,PKT,,,,,,,,1299.000,33.46,-43471.00,43471.00
SAFARI Double Bond Distemper 1kg Pouch (DAFFODIL),,,PKT,,,,,,,,2599.000,28.66,-74487.78,74487.78
SAFARI Double Bond Distemper 1kg Pouch (D-BLUE),,,PKT,,,,,,,,580.000,29.00,-16820.00,16820.00
SAFARI Double Bond Distemper 1kg Pouch (ELECTRIC BLUE),,,PKT,,,,,,,,2882.000,42.91,-123658.10,123658.10
SAFARI Double Bond Distemper 1kg Pouch (FIRE RED),,,PKT,,,,,,,,936.000,29.22,-27347.38,27347.38
SAFARI Double Bond Distemper 1kg Pouch (IVARY),,,PKT,,,,,,,,1675.000,28.58,-47874.98,47874.98
SAFARI Double Bond Distemper 1kg Pouch (JAIPURI PINK),,,PKT,,,,,,,,8.000,35.63,-285.04,285.04
SAFARI Double Bond Distemper 1kg Pouch (JOLLY HOLLY,,,PKT,,,,,,,,403.000,31.88,-12847.00,12847.00
SAFARI Double Bond Distemper 1kg Pouch (LIGHT GREEN),,,PKT,,,,,,,,808.000,29.00,-23432.00,23432.00
SAFARI Double Bond Distemper 1kg Pouch (LIRIL),,,PKT,,,,,,,,1353.000,41.41,-56027.95,56027.95
SAFARI Double Bond Distemper 1kg Pouch (MEGENTA),,,PKT,,,,,,,,17.000,29.00,-493.00,493.00
SAFARI Double Bond Distemper 1kg Pouch (MERRY PINK),,,PKT,,,,,,,,919.000,29.94,-27516.57,27516.57
SAFARI Double Bond Distemper 1kg Pouch (PALE CREAM),,,PKT,,,,,,,,403.000,28.38,-11437.55,11437.55
SAFARI Double Bond Distemper 1kg Pouch (PALE ROSE),,,PKT,,,,,,,,1588.000,246.83,391959.04,391959.04
SAFARI Double Bond Distemper 1kg Pouch (PARROT GREEN),,,PKT,,,,,,,,9260.000,29.82,-276099.57,276099.57
SAFARI Double Bond Distemper 1kg Pouch (PISTA),,,PKT,,,,,,,,293.000,26.00,-7618.58,7618.58
SAFARI Double Bond Distemper 1kg Pouch (PURPLE),,,PKT,,,,,,,,995.000,29.00,-28855.00,28855.00
SAFARI Double Bond Distemper 1kg Pouch (SIGNAL RED),,,PKT,,,,,,,,20.000,29.00,-580.00,580.00
SAFARI Double Bond Distemper 1kg Pouch (SKY BLUE),,,,,,,,,,,,,-15360.00,15360.00
SAFARI Double Bond Distemper 1kg Pouch (SUNRISE),,,PKT,,,,,,,,244.000,25.38,-6193.78,6193.78
SAFARI Double Bond Distemper 1kg Pouch (TANGO),,,PKT,,,,,,,,913.000,11.68,-10666.06,10666.06
SAFARI Double Bond Distemper 1kg Pouch (TERRACOTTA),,,PKT,,,,,,,,7.000,29.00,-203.00,203.00
SAFARI Double Bond Distemper 1kg Pouch (WHITE),,,PKT,,,,,,,,7153.000,36.60,-261777.51,261777.51
SAFARI Double Bond Distemper 1kg Pouch (WILD LILAC),,,PKT,,,,,,,,5372.000,31.11,-167132.50,167132.50
SAFARI Double Bond Distemper 1kg Pouch (YELLOW),,,PKT,,,,,,,,737.000,27.01,-19910.01,19910.01
SAFARI Double Bond Distemper 1kg (SUNRISE),,,PCS,,,,,,,,600,26.00,-15600.00,15600.00
SAFARI EXT. Emulsion,,,PCS,,,,,,,,158,796.06,-125778.08,125778.08
Safari Smooth Finish Ext Eml 20Ltr(High Gloss),,,PCS,,,,,,,,3,6700.00,-20100.00,20100.00
SAFARI Smooth Finish Luxury Ext. Eml. 10Ltr. (Matt),,,PCS,,,,,,,,7,,,
SAFARI Smooth Finish Luxury Ext. Eml. 1Ltr. (Matt),,,PCS,,,,,,,,41,165.32,-6778.08,6778.08
SAFARI Smooth Finish Luxury Ext. Eml. 1Ltr.(Sheen),,,PCS,,,,,,,,46,,,
SAFARI Smooth Finish Luxury Ext. Eml. 20Ltr. (Matt),,,PCS,,,,,,,,7,,,
SAFARI Smooth Finish Luxury Ext. Eml. 20Ltr.(Sheen),,,PCS,,,,,,,,1,,,
SAFARI Smooth Finish Luxury Ext.Eml 20Ltr.(YELLOW),,,PCS,,,,,,,,4,6700.00,-26800.00,26800.00
SAFARI Smooth Finish Luxury Ext. Eml. 4Ltr. (Matt),,,PCS,,,,,,,,7,,,
Safari Smooth Finishy Ext Eml 10Ltr(High Gloss),,,PCS,,,,,,,,1,3400.00,-3400.00,3400.00
Safari Smoth Finish Luxury Ext Eml 10Ltr.(Yellow),,,PCS,,,,,,,,1,3400.00,-3400.00,3400.00
Safari SmothFinish Luxury Ext.Eml 20Ltr(SIGNAL RED),,,PCS,,,,,,,,5,3400.00,-17000.00,17000.00
Safari Smoth Finish Luxury Ext.Eml 4Ltr. High Gloss,,,PCS,,,,,,,,35,1380.00,-48300.00,48300.00
SAFARI Int. Emulsion,,,PCS,,,,,,,,59,389.66,-22990.00,22990.00
Safari Smooth Finish Luxury Int. 20Ltr.(Teracotta),,,PCS,,,,,,,,7,1525.00,-10675.00,10675.00
SAFARI Smooth Finish Luxury Int. Eml. 1Ltr.(Sheen),,,PCS,,,,,,,,37,,,
SAFARI Smooth Finish Luxury Int. Eml. 20Ltr.(Sheen),,,PCS,,,,,,,,1,3900.00,-3900.00,3900.00
SAFARI Smooth Finish Luxury Int. Eml. 4Ltr. (Matt),,,PCS,,,,,,,,3,810.00,-2430.00,2430.00
SAFARI Smooth Finish Luxury Int. Eml. 4Ltr.(Sheen),,,PCS,,,,,,,,4,,,
Safari Smoth Finish Luxury Int.10Ltr.(Teracotta),,,PCS,,,,,,,,7,855.00,-5985.00,5985.00
SAPPHIRE Ext. Emulsion,,,PCS,,,,,,,,178,290.96,-51790.00,51790.00
Sapphire Luxury Eml.2in1 Ext. 1 Ltr.(Sheen),,,PCS,,,,,,,,39,350.00,-13650.00,13650.00
SAPPHIRE Super Shine  Ext. Eml. 1Ltr. (High Gloss),,,PCS,,,,,,,,144,264.86,-38140.00,38140.00
SAPPHIRE Super Shine  Ext. Eml. 20Ltr. (High Gloss),,,PCS,,,,,,,,-1,,,
SAPPHIRE Super Shine  Ext. Eml. 4Ltr. (High Gloss),,,PCS,,,,,,,,-4,,,
SAPPHIRE Int. Emulsion,,,PCS,,,,,,,,1,7680.00,-7680.00,7680.00
SAPPHIRE Super Shine  Int. Eml. 1Ltr. (High Gloss),,,,,,,,,,,,,-6300.00,6300.00
SAPPHIRE Super Shine  Int. Eml. 4Ltr. (High Gloss),,,PCS,,,,,,,,1,1380.00,-1380.00,1380.00
Stationary Item,,,,,,,,,,,,,-10148.98,10148.98
Book,,,QTY,,,,,,,,400.000,22.50,-9000.00,9000.00
BOX File Paper,,,QTY,,,,,,,,4.000,60.00,-240.00,240.00
CM REGISTER,,,PCS,,,,,,,,3,160.00,-480.00,480.00
Cobrafile 700,,,QTY,,,,,,,,6.000,15.00,-90.00,90.00
COMPUTER STICKER AST1,,,QTY,,,,,,,,1.000,338.98,-338.98,338.98
WATER BASE ENAMEL,,,PCS,,,,,,,,363,409.71,-148724.38,148724.38
SAPPHIRE Floor Coat 1Ltr. (SIGNAL RED),,,PCS,,,,,,,,4,190.00,-760.00,760.00
SAPPHIRE Floor Coat 4Ltr. (SIGNAL RED),,,PCS,,,,,,,,2,487.50,-975.00,975.00
SAPPHIRE Water Base Enamal 2in3 10Ltr.,,,PCS,,,,,,,,6,1700.00,-10200.00,10200.00
Sapphire Water Base Enamel 10 Ltr.(White),,,PCS,,,,,,,,11,1700.00,-18700.00,18700.00
Sapphire Water Base Enamel 20 Ltr.(White),,,PCS,,,,,,,,15,3220.00,-48300.00,48300.00
Sapphire Water Base Enamel 9/10/11 10Ltr.,,,PCS,,,,,,,,8,1700.00,-13600.00,13600.00
SAPPHIRE W/B Enamel 1Ltr. (BLACK),,,PCS,,,,,,,,86,169.27,-14557.46,14557.46
SAPPHIRE W/B Enamel 1Ltr. (BLUE),,,PCS,,,,,,,,14,140.00,-1960.00,1960.00
SAPPHIRE W/B Enamel 1Ltr. (LIGHT GREEN),,,PCS,,,,,,,,79,190.00,-15010.00,15010.00
SAPPHIRE W/B Enamel 1Ltr. (PO. RED),,,PCS,,,,,,,,20,167.20,-3344.00,3344.00
SAPPHIRE W/B Enamel 1 Ltr.(SIGNAL RED),,,PCS,,,,,,,,6,190.00,-1140.00,1140.00
SAPPHIRE W/B Enamel 1Ltr. (WHITE),,,PCS,,,,,,,,50,190.00,-9500.00,9500.00
SAPPHIRE W/B Enamel 1Ltr. (YELLOW),,,PCS,,,,,,,,62,172.22,-10677.92,10677.92
WOOD PRIMER,,,,,,,,,,,,,-83708.99,83708.99
Safari Wood Primer 1 Ltr.,,,PCS,,,,,,,,268,110.03,-29488.99,29488.99
Safari Wood Primer 20 Ltr.,,,DRM,,,,,,,,5,,,
Safari Wood Primer 4 Ltr.,,,PCS,,,,,,,,14,400.00,-5600.00,5600.00
Safari Wood Primer 500 ML.,,,PCS,,,,,,,,748,65.00,-48620.00,48620.00
